id,pixel_spacing_mm,true_ema_mm2,true_emd_mm,true_emw_mm,true_fat_c_mm,dice_c1,iou_c1,dice_c2,iou_c2,seg_ema_mm2,seg_emd_mm,seg_emw_mm,seg_fat_c_mm,qc_no_muscle,qc_muscle_touches_border,qc_n_components
a00000_f0,0.41999998688697815,1745.47802734375,34.02000045776367,70.55999755859375,6.4679999351501465,0.9636816436652295,0.9299088815467117,0.9151094500809919,0.8435039370109546,1654.4554966908947,34.43999892473221,63.4199980199337,6.71999979019165,False,False,1
a00000_f1,0.41999998688697815,1744.9488525390625,33.599998474121094,70.55999755859375,6.300000190734863,0.9759612909868948,0.9530511712078712,0.9441032580415936,0.8941246056803209,1681.9738949725645,33.59999895095825,66.77999791502953,6.971999782323838,False,False,1
a00000_f2,0.41999998688697815,1742.1263427734375,33.599998474121094,70.55999755859375,6.888000011444092,0.9833333333334185,0.9672131147544281,0.9391793578432517,0.8853328456495001,1708.2574933313385,33.59999895095825,67.61999788880348,8.147999745607375,False,False,1
a00001_f0,0.41999998688697815,1349.4599609375,30.65999984741211,60.060001373291016,6.047999858856201,0.9762982689748582,0.9536940686790623,0.9246329526924999,0.8598300970902137,1300.0679188199056,30.659999042749405,59.6399981379509,7.559999763965607,False,False,1
a00002_f0,0.41999998688697815,1189.1124267578125,28.559999465942383,53.34000015258789,4.619999885559082,0.9785860956293738,0.9580700746703321,0.8815574379568798,0.7882009035400425,1210.6331244044793,29.81999906897545,53.339998334646225,5.627999824285507,False,False,1
a00002_f1,0.41999998688697815,1189.288818359375,28.559999465942383,53.34000015258789,5.460000038146973,0.9832766020424503,0.967103347889853,0.9475901375300757,0.9004002825547351,1194.5807254068386,28.559999108314514,55.01999828219414,5.711999821662903,False,False,1
a00003_f0,0.41999998688697815,1004.2451782226562,26.040000915527344,53.7599983215332,2.2679998874664307,0.9458972046893968,0.897348160822971,0.862058647518521,0.7575598212001693,950.9723406184683,26.039999186992645,47.87999850511551,2.8559999108314513,False,False,1
a00003_f1,0.41999998688697815,1004.4215698242188,25.6200008392334,53.7599983215332,2.5199999809265137,0.9817379797090274,0.9641309998273413,0.9072744302231147,0.8302857142905633,995.0723378647338,26.039999186992645,52.49999836087227,4.703999853134155,False,False,1
a00004_f0,0.41999998688697815,1050.28564453125,26.040000915527344,51.2400016784668,4.619999885559082,0.9685197588750124,0.9389610389620299,0.9160997732436873,0.845188284522427,1056.6359340205204,26.039999186992645,53.339998334646225,4.61999985575676,False,False,1
a00004_f1,0.41999998688697815,1050.638427734375,25.6200008392334,51.2400016784668,5.039999961853027,0.9768264936380144,0.9547026848961505,0.9367839331454807,0.8810851927007839,1042.7003348907003,25.619999200105667,52.07999837398529,4.787999850511551,False,False,1
a00005_f0,0.41999998688697815,969.6707763671875,23.100000381469727,55.02000045776367,7.139999866485596,0.9737620103476186,0.9488656823919902,0.9602742965244705,0.9235842619985539,939.6827413234244,22.67999929189682,52.49999836087227,7.559999763965607,False,False,1
a00005_f1,0.41999998688697815,972.4932250976562,23.100000381469727,55.02000045776367,6.71999979019165,0.9701217263005337,0.941977077364936,0.9626977711056393,0.928078378981784,940.3883412793646,23.099999278783798,54.17999830842018,7.811999756097794,False,False,1
a00005_f2,0.41999998688697815,971.6112060546875,23.520000457763672,55.02000045776367,7.308000087738037,0.965581918784905,0.9334542157763653,0.9456469456475991,0.8968978102213299,909.3419432179936,23.099999278783798,49.9799984395504,7.307999771833419,False,False,1
a00006_f0,0.41999998688697815,1201.9896240234375,26.040000915527344,57.119998931884766,6.047999858856201,0.967983243566966,0.9379530298646281,0.9391233766239943,0.8852333588392266,1156.125527808095,26.459999173879623,53.7599983215332,7.811999756097794,False,False,1
a00006_f1,0.41999998688697815,1202.6951904296875,26.040000915527344,57.959999084472656,6.131999969482422,0.9824612900859877,0.9655271888076514,0.9077744807132607,0.8311236687713296,1201.107524999286,26.459999173879623,57.53999820351601,7.643999761343002,False,False,1
a00006_f2,0.41999998688697815,1202.166015625,26.040000915527344,57.540000915527344,6.047999858856201,0.956753464291482,0.9170923952719735,0.9371391917902807,0.88171394085935,1114.6715303966057,26.039999186992645,53.339998334646225,7.1399997770786285,False,False,1
a00007_f0,0.41999998688697815,1501.3404541015625,32.34000015258789,63.0,4.619999885559082,0.9785357247869536,0.9579735175594937,0.9563921993505364,0.9164287568150421,1498.3415064391152,32.33999899029732,62.579998046159744,5.543999826908111,False,False,1
a00007_f1,0.41999998688697815,1499.2236328125,32.34000015258789,63.0,5.208000183105469,0.9829782168790443,0.9665262172288562,0.9462881514068201,0.8980521123223362,1464.6491085429682,32.33999899029732,60.47999811172485,5.207999837398529,False,False,1
a00008_f0,0.41999998688697815,1787.6375732421875,35.279998779296875,66.36000061035156,1.2599999904632568,0.9816097682532688,0.9638837232067742,0.7746452223316056,0.6321803582571903,1751.828290610649,35.279998898506165,65.93999794125557,2.0999999344348907,False,False,1
a00008_f1,0.41999998688697815,1788.166748046875,34.86000061035156,65.94000244140625,1.6799999475479126,0.9499303872533907,0.9046356315075168,0.7840517241425851,0.6448068061097197,1632.758298045732,34.859998911619186,58.37999817728996,3.695999884605408,False,False,1
a00008_f2,0.41999998688697815,1788.166748046875,35.279998779296875,66.36000061035156,1.2599999904632568,0.9866996291718828,0.9737484141702571,0.7854281899716683,0.6466708542824537,1779.5230888813037,35.69999888539314,64.25999799370766,3.359999895095825,False,False,1
a00009_f0,0.41999998688697815,1916.9388427734375,35.70000076293945,69.30000305175781,2.940000057220459,0.9878782270751001,0.9760468092889372,0.9167404783006091,0.846279640233135,1895.7706816224593,35.69999888539314,68.03999787569046,4.535999858379364,False,False,1
a00009_f1,0.41999998688697815,1916.9388427734375,35.70000076293945,68.87999725341797,2.5199999809265137,0.9787234042554184,0.9583333333337141,0.8682972718741252,0.7672485453098573,1863.6658836271781,36.11999887228012,66.77999791502953,3.1079999029636385,False,False,1
a00009_f2,0.41999998688697815,1916.4095458984375,35.70000076293945,68.87999725341797,2.940000057220459,0.9769901651513407,0.9550154181030744,0.8597473212880258,0.7539971949578121,1886.068682228281,36.5399988591671,66.77999791502953,3.359999895095825,False,False,1
a00010_f0,0.41999998688697815,1553.5548095703125,31.920000076293945,64.68000030517578,8.399999618530273,0.9792904528411924,0.9594212727482828,0.9161160058744849,0.8452159187155763,1504.3391060646072,31.91999900341034,59.6399981379509,8.987999719381332,False,False,1
a00010_f1,0.41999998688697815,1552.6728515625,31.920000076293945,64.26000213623047,8.14799976348877,0.9906733393995071,0.9815190443995772,0.926330702287732,0.8627709707848676,1549.144703266813,31.91999900341034,62.579998046159744,8.315999740362168,False,False,1
a00011_f0,0.41999998688697815,1950.2784423828125,35.70000076293945,70.55999755859375,1.8480000495910645,0.9888502685866978,0.9779464285716255,0.7836360430297367,0.6442447086215064,1957.510677767231,36.5399988591671,70.55999779701233,4.1999998688697815,False,False,1
a00011_f1,0.41999998688697815,1948.6907958984375,36.119998931884766,70.55999755859375,1.8480000495910645,0.9826165685831479,0.9658271780727434,0.769517990499499,0.6253793103551619,1947.9850783620377,36.11999887228012,71.39999777078629,5.207999837398529,False,False,1
a00011_f2,0.41999998688697815,1948.8671875,35.70000076293945,70.55999755859375,1.8480000495910645,0.9842294232605362,0.9689485458615754,0.7922163588424767,0.6559257236576754,1932.4618793313523,35.69999888539314,70.55999779701233,4.115999871492386,False,False,1
a00012_f0,0.41999998688697815,1170.0611572265625,23.940000534057617,63.84000015258789,5.208000183105469,0.964944649446764,0.932263814617762,0.8570030979967879,0.749786019978608,1124.5499297797692,24.359999239444733,57.959998190402985,5.711999821662903,False,False,1
a00012_f1,0.41999998688697815,1170.237548828125,23.940000534057617,63.41999816894531,4.788000106811523,0.95005514416299,0.9048619447793388,0.9406652682058636,0.8879773691686569,1068.9839332494746,24.77999922633171,58.79999816417694,3.947999876737595,False,False,1
a00013_f0,0.41999998688697815,1947.9852294921875,35.279998779296875,71.4000015258789,4.199999809265137,0.9759412304867955,0.9530129124824873,0.8589252800246856,0.7527335984156875,1894.0066817326087,35.69999888539314,65.93999794125557,5.123999840021133,False,False,1
a00013_f1,0.41999998688697815,1949.0435791015625,35.279998779296875,71.4000015258789,3.947999954223633,0.9728404201176475,0.9471171171175935,0.8877082136719169,0.7980893364369199,1863.489483638193,35.69999888539314,66.77999791502953,5.879999816417694,False,False,1
a00014_f0,0.41999998688697815,864.536376953125,21.84000015258789,49.97999954223633,1.6799999475479126,0.9680884023549717,0.9381505204175711,0.8230661040837394,0.6993307839531869,843.5447473265656,21.839999318122864,47.87999850511551,2.7719999134540556,False,False,1
a00014_f1,0.41999998688697815,864.18359375,21.84000015258789,49.97999954223633,1.6799999475479126,0.9827939369112783,0.9661699556994328,0.8736616702394108,0.7756653992517292,858.1859464123257,21.839999318122864,50.819998413324356,1.3439999580383302,False,False,1
a00015_f0,0.41999998688697815,1497.8123779296875,29.81999969482422,65.94000244140625,4.788000106811523,0.9848978383181232,0.9702450408404872,0.8911484812946011,0.8036679990641037,1480.7015075406089,30.239999055862427,64.25999799370766,7.307999771833419,False,False,1
a00015_f1,0.41999998688697815,1497.1068115234375,29.399999618530273,65.94000244140625,5.627999782562256,0.9859121581627447,0.9722157366335253,0.9317047544006868,0.8721416277385753,1482.9947073974147,29.39999908208847,63.4199980199337,6.0479998111724855,False,False,1
a00015_f2,0.41999998688697815,1496.57763671875,29.81999969482422,65.5199966430664,4.368000030517578,0.9805183199286237,0.9617812061715547,0.9198903441986005,0.8516638465918877,1464.296308564998,30.239999055862427,63.4199980199337,4.787999850511551,False,False,1
a00016_f0,0.41999998688697815,2148.022705078125,36.540000915527344,73.08000183105469,5.627999782562256,0.9817095931318415,0.9640762463346035,0.8898913266363554,0.8016254155928773,2105.1574685477276,36.95999884605408,72.65999773144722,7.643999761343002,False,False,1
a00016_f1,0.41999998688697815,2146.2587890625,36.959999084472656,73.5,6.4679999351501465,0.9761086565211254,0.9533322678603697,0.9346538498889732,0.8773240977054808,2165.662664769604,37.379998832941055,76.859997600317,7.391999769210816,False,False,1
a00017_f0,0.41999998688697815,1126.4903564453125,24.780000686645508,59.63999938964844,6.300000190734863,0.9804076473378068,0.9615682628240885,0.9501847083851989,0.9050970356172937,1106.3807309143076,25.19999921321869,57.959998190402985,5.879999816417694,False,False,1
a00017_f1,0.41999998688697815,1125.0792236328125,24.780000686645508,59.220001220703125,6.71999979019165,0.9800619588531253,0.9609034267918862,0.9633565814240744,0.9293037163620397,1095.620331586219,24.77999922633171,57.11999821662903,6.3839998006820675,False,False,1
a00018_f0,0.41999998688697815,1304.47802734375,30.65999984741211,57.959999084472656,5.039999961853027,0.9681625858363865,0.9382898628671916,0.9420654911846899,0.8904761904790879,1238.680722653104,30.659999042749405,55.01999828219414,5.123999840021133,False,False,1
a00018_f1,0.41999998688697815,1304.47802734375,31.079999923706055,57.540000915527344,5.208000183105469,0.9881680946553232,0.9766129032261208,0.9391256979444488,0.8852374839567333,1288.0727195689215,31.079999029636383,56.69999822974205,5.963999813795089,False,False,1
a00019_f0,0.41999998688697815,1113.436767578125,27.299999237060547,53.34000015258789,1.2599999904632568,0.9682617187502582,0.9384761003322531,0.8635611255648248,0.7598834789945951,1054.1663341747294,27.29999914765358,52.07999837398529,0.08399999737739564,False,False,1
a00019_f1,0.41999998688697815,1113.436767578125,27.299999237060547,53.34000015258789,1.4279999732971191,0.982809157886534,0.966199376947567,0.8611987381739958,0.7562326869918637,1112.73113051777,27.719999134540558,52.49999836087227,2.435999923944473,False,False,1
a00019_f2,0.41999998688697815,1114.4952392578125,27.719999313354492,53.7599983215332,0.9240000247955322,0.9659247268315182,0.9340951784606435,0.8387646432409209,0.7223037417563353,1064.9267335028183,27.719999134540558,52.07999837398529,1.7639999449253083,False,False,1
a00020_f0,0.41999998688697815,886.7628173828125,23.100000381469727,51.65999984741211,5.627999782562256,0.979591836734899,0.9600000000007882,0.9443583939003412,0.8945823927789033,867.8879458065041,23.099999278783798,49.55999845266342,6.803999787569046,False,False,1
a00020_f1,0.41999998688697815,886.4099731445312,23.100000381469727,51.2400016784668,5.627999782562256,0.9679853181079936,0.9379569255100186,0.9487300094079405,0.9024608501140389,843.7211473155506,23.099999278783798,48.719998478889465,5.2919998347759245,False,False,1
a00020_f2,0.41999998688697815,887.2919921875,22.68000030517578,51.2400016784668,6.047999858856201,0.9637762955365441,0.9300851653806678,0.9496962332934422,0.9042110134219294,831.7259480645665,22.67999929189682,47.87999850511551,6.0479998111724855,False,False,1
a00021_f0,0.41999998688697815,1116.612060546875,26.8799991607666,55.02000045776367,1.8480000495910645,0.9727403156386678,0.9469273743024996,0.8575407879057393,0.7506095437216785,1096.5023315311444,27.29999914765358,51.65999838709831,3.8639998793601986,False,False,1
a00022_f0,0.41999998688697815,1640.52001953125,34.439998626708984,65.0999984741211,2.6040000915527344,0.9740316421168902,0.9493778581309222,0.913468773515548,0.8407202216121634,1587.5999008655563,34.43999892473221,61.73999807238579,3.359999895095825,False,False,1
a00022_f1,0.41999998688697815,1640.872802734375,34.02000045776367,64.68000030517578,2.940000057220459,0.9790781301079924,0.9590137688124771,0.8553586497914707,0.7472721911015254,1596.7727002927795,34.43999892473221,65.09999796748161,3.359999895095825,False,False,1
a00023_f0,0.41999998688697815,1668.567626953125,31.920000076293945,64.68000030517578,5.460000038146973,0.9783031258209703,0.9575277663517325,0.9340463458118914,0.8762541806049629,1687.7950946090714,32.33999899029732,65.93999794125557,5.963999813795089,False,False,1
a00024_f0,0.41999998688697815,1536.4439697265625,32.34000015258789,63.0,2.2679998874664307,0.9766653020645847,0.95439478797629,0.8988932658056857,0.8163543441289146,1479.8195075956835,31.91999900341034,61.31999808549881,3.947999876737595,False,False,1
a00024_f1,0.41999998688697815,1537.3260498046875,32.34000015258789,63.0,2.0999999046325684,0.9734347571680899,0.9482444140452777,0.8849834016816055,0.7936952714608163,1477.3499077498927,32.33999899029732,61.31999808549881,3.947999876737595,False,False,1
a00024_f2,0.41999998688697815,1535.3856201171875,32.34000015258789,63.0,2.2679998874664307,0.9185001549431763,0.8492836676235038,0.8859016393461328,0.7951736315539972,1302.3611186767114,31.49999901652336,58.79999816417694,3.1079999029636385,False,False,1
a00025_f0,0.41999998688697815,1368.51123046875,29.399999618530273,58.380001068115234,6.71999979019165,0.9556511221612979,0.915068845709496,0.8934922806342243,0.8074885199610122,1256.6735215295803,29.39999908208847,52.91999834775925,6.803999787569046,False,False,1
a00026_f0,0.41999998688697815,1295.30517578125,30.239999771118164,57.540000915527344,3.947999954223633,0.9792621997126872,0.9593670376832591,0.8831577292045423,0.7907631653114401,1282.0751199434294,30.239999055862427,57.959998190402985,5.963999813795089,False,False,1
a00026_f1,0.41999998688697815,1293.7176513671875,30.239999771118164,57.540000915527344,4.368000030517578,0.9839193240666128,0.968347639485403,0.9318325935331034,0.87236568715131,1295.1287191283238,30.659999042749405,57.11999821662903,5.627999824285507,False,False,1
a00026_f2,0.41999998688697815,1294.599609375,30.239999771118164,57.540000915527344,4.368000030517578,0.9786913326483132,0.9582718368447837,0.9283412613176563,0.8662657502901986,1279.9583200756085,30.659999042749405,57.11999821662903,5.039999842643738,False,False,1
a00027_f0,0.41999998688697815,2081.167236328125,38.220001220703125,70.9800033569336,6.047999858856201,0.9730411340117704,0.9474976712681218,0.8972537376747189,0.8136538461574297,1975.6798766326924,38.21999880671501,66.77999791502953,8.567999732494354,False,False,1
a00028_f0,0.41999998688697815,1231.0955810546875,24.780000686645508,60.47999954223633,7.308000087738037,0.979087859539083,0.9590324384793201,0.961450729927447,0.9257632330347955,1240.4447225429547,25.19999921321869,60.059998124837875,7.391999769210816,False,False,1
a00028_f1,0.41999998688697815,1233.7415771484375,25.200000762939453,61.31999969482422,7.559999942779541,0.9707143376210252,0.943095170856494,0.9535379369143911,0.9112016293297107,1193.6987254619132,25.619999200105667,57.959998190402985,8.315999740362168,False,False,1
a00029_f0,0.41999998688697815,1673.859619140625,33.599998474121094,67.19999694824219,8.484000205993652,0.9614065646945653,0.9256813417198566,0.9136269786655744,0.8409882800151887,1566.784702165319,33.179998964071274,60.89999809861183,8.06399974822998,False,False,1
a00029_f1,0.41999998688697815,1671.7427978515625,33.599998474121094,66.77999877929688,7.559999942779541,0.9787553648069809,0.9583946207190754,0.9486872409032825,0.902383456012927,1616.3530990701215,33.59999895095825,62.579998046159744,8.567999732494354,False,False,1
a00029_f2,0.41999998688697815,1673.3304443359375,33.18000030517578,67.19999694824219,8.567999839782715,0.9728477534749873,0.9471310185676374,0.9529251700684542,0.9100831600847179,1601.006300028421,32.759998977184296,64.67999798059464,10.16399968266487,False,False,1
a00030_f0,0.41999998688697815,1040.9364013671875,26.040000915527344,47.040000915527344,5.627999782562256,0.9811699723827837,0.9630359783150478,0.9305268950346606,0.8700797530262393,1066.867133381654,26.459999173879623,48.719998478889465,6.467999798059464,False,False,1
a00031_f0,0.41999998688697815,1446.3035888671875,29.399999618530273,60.900001525878906,4.788000106811523,0.9847765193034662,0.9700095969293424,0.9443561208273895,0.8945783132554547,1450.5371094241634,29.81999906897545,60.059998124837875,5.2919998347759245,False,False,1
a00032_f0,0.41999998688697815,1282.9571533203125,28.559999465942383,57.959999084472656,4.619999885559082,0.9690822607724603,0.9400189985080741,0.9114569358745445,0.8373182154341307,1232.683123027612,28.559999108314514,56.27999824285507,5.207999837398529,False,False,1
a00032_f1,0.41999998688697815,1282.78076171875,28.559999465942383,58.380001068115234,4.788000106811523,0.9867859600826787,0.9739165874205418,0.9238468821868816,0.8584715937692692,1280.3111200535786,28.559999108314514,57.959998190402985,5.963999813795089,False,False,1
a00033_f0,0.41999998688697815,868.0643920898438,22.68000030517578,48.720001220703125,2.687999963760376,0.9691933522500081,0.9402280770754969,0.8906776488227128,0.8029024637258555,872.6507455091008,23.099999278783798,51.239998400211334,3.8639998793601986,False,False,1
a00033_f1,0.41999998688697815,868.4171752929688,22.68000030517578,49.13999938964844,3.1080000400543213,0.9639159083781622,0.9303452453072816,0.8951939779985486,0.8102725366942602,818.1431489127167,23.099999278783798,47.03999853134155,3.5279998898506166,False,False,1
a00033_f2,0.41999998688697815,866.476806640625,22.260000228881836,49.13999938964844,3.1080000400543213,0.9479515050172664,0.9010530498728183,0.8076000737906733,0.6772896039703808,817.7903489347466,22.67999929189682,44.519998610019684,4.03199987411499,False,False,1
a00034_f0,0.41999998688697815,1199.6964111328125,25.200000762939453,58.79999923706055,1.8480000495910645,0.9842537147927534,0.9689956331882242,0.8785677218505821,0.7834335955676339,1186.4663259135257,25.619999200105667,57.53999820351601,3.5279998898506166,False,False,1
a00034_f1,0.41999998688697815,1199.6964111328125,25.6200008392334,58.380001068115234,1.8480000495910645,0.978127991752131,0.9571922744312886,0.8665083135423632,0.7644593461959573,1195.639125340749,25.619999200105667,59.21999815106392,3.0239999055862428,False,False,1
a00034_f2,0.41999998688697815,1199.6964111328125,25.200000762939453,58.79999923706055,1.8480000495910645,0.9772610199427679,0.9555331702409623,0.8392213410276563,0.7229813664710981,1197.4031252305997,26.039999186992645,57.11999821662903,3.1919999003410338,False,False,1
a00035_f0,0.41999998688697815,1817.44921875,34.439998626708984,63.84000015258789,2.5199999809265137,0.976231222666019,0.9535661218429275,0.7747826087005482,0.6323633782955159,1893.3010817766685,35.279998898506165,68.03999787569046,2.939999908208847,False,False,1
a00036_f0,0.41999998688697815,879.001220703125,23.100000381469727,50.81999969482422,1.4279999732971191,0.9446594832101197,0.8951229183208739,0.8151001540879532,0.6879063719251016,807.2063495956429,23.519999265670776,46.619998544454575,3.0239999055862428,False,False,1
a00037_f0,0.41999998688697815,1254.2039794921875,26.8799991607666,57.959999084472656,5.880000114440918,0.9711792891370151,0.943973307382956,0.9450367211567751,0.8958005838783786,1212.3971242943298,27.29999914765358,55.439998269081116,6.215999805927277,False,False,1
a00037_f1,0.41999998688697815,1253.4984130859375,26.8799991607666,57.959999084472656,5.039999961853027,0.9865122519597026,0.9733835005577846,0.9468612334809078,0.8990849673228998,1244.5019222896112,27.29999914765358,57.11999821662903,5.879999816417694,False,False,1
a00037_f2,0.41999998688697815,1254.027587890625,26.8799991607666,57.959999084472656,5.460000038146973,0.9840463080616685,0.9685936631466288,0.9348404255327813,0.8776529338357639,1244.8547222675813,27.29999914765358,58.79999816417694,6.215999805927277,False,False,1
a00038_f0,0.41999998688697815,1231.624755859375,26.040000915527344,57.119998931884766,6.300000190734863,0.9436319945077677,0.893279604836952,0.9433803998330298,0.8928287906882024,1337.6411164737237,26.459999173879623,66.35999792814255,6.803999787569046,False,False,1
a00038_f1,0.41999998688697815,1231.0955810546875,26.040000915527344,57.119998931884766,5.627999782562256,0.9723884363061611,0.9462606987519817,0.9352633695223795,0.8783987915438469,1215.748724085046,26.459999173879623,60.059998124837875,5.627999824285507,False,False,1
a00038_f2,0.41999998688697815,1230.3900146484375,26.040000915527344,57.119998931884766,6.047999858856201,0.9847941471812882,0.9700438038721203,0.9444092693434923,0.8946737044171144,1228.9787232589256,26.039999186992645,56.69999822974205,7.727999758720397,False,False,1
a00039_f0,0.41999998688697815,2088.399658203125,36.540000915527344,66.77999877929688,2.687999963760376,0.9786507969537698,0.9581941162092886,0.791236570469955,0.6545834785759992,2147.8462658821127,37.379998832941055,71.81999775767326,4.367999863624573,False,False,1
a00039_f1,0.41999998688697815,2089.4580078125,36.540000915527344,66.77999877929688,2.687999963760376,0.9821473684211278,0.9649209894931338,0.8155210643056425,0.688506177473287,2100.041868867161,36.95999884605408,68.87999784946442,4.03199987411499,False,False,1
a00040_f0,0.41999998688697815,1218.9239501953125,26.040000915527344,57.959999084472656,2.0999999046325684,0.9819189268009484,0.9644800916647883,0.9021694637760506,0.8217747949358025,1200.5783250323307,26.459999173879623,57.53999820351601,3.1919999003410338,False,False,1
a00041_f0,0.41999998688697815,1474.88037109375,31.5,63.84000015258789,3.5280001163482666,0.9866103739445922,0.9735745744557364,0.8502004008034795,0.739433551203934,1448.5967095453277,31.49999901652336,62.99999803304672,6.71999979019165,False,False,1
a00041_f1,0.41999998688697815,1475.762451171875,31.5,63.84000015258789,3.5280001163482666,0.9624514458353631,0.9276206322803943,0.8231480369813524,0.6994490920281687,1385.2691134996905,31.079999029636383,64.67999798059464,5.2919998347759245,False,False,1
a00041_f2,0.41999998688697815,1475.233154296875,31.5,63.84000015258789,3.444000005722046,0.974040219378586,0.9493941553819268,0.8388998035383239,0.7225042301243125,1419.4907113627924,31.49999901652336,62.159998059272766,4.61999985575676,False,False,1
a00042_f0,0.41999998688697815,1015.1820068359375,25.200000762939453,52.91999816894531,4.368000030517578,0.9703896103898667,0.9424823410705939,0.9077990746875777,0.8311649016692537,1022.2379361684332,25.619999200105667,53.7599983215332,4.367999863624573,False,False,1
a00042_f1,0.41999998688697815,1014.1235961914062,24.780000686645508,52.5,3.7799999713897705,0.9742728317569245,0.9498362351327385,0.9114989093189233,0.837389063846625,981.1367387349138,24.77999922633171,49.9799984395504,4.787999850511551,False,False,1
a00042_f2,0.41999998688697815,1013.4180297851562,24.780000686645508,52.5,4.199999809265137,0.9578523489936658,0.9191138588370408,0.9368360608679753,0.8811774237137138,957.8519401888857,25.19999921321869,47.45999851822853,5.039999842643738,False,False,1
a00043_f0,0.41999998688697815,1481.5836181640625,32.7599983215332,57.540000915527344,2.940000057220459,0.8969344949990518,0.813128949218194,0.7739726027438001,0.6312849162119587,1246.0895221904766,32.33999899029732,55.01999828219414,5.459999829530716,False,False,1
a00043_f1,0.41999998688697815,1483.5240478515625,33.18000030517578,57.540000915527344,2.687999963760376,0.9849920546172386,0.9704279253163582,0.8349093163876157,0.7166045769101489,1513.6883054808154,33.179998964071274,60.059998124837875,5.207999837398529,False,False,1
a00043_f2,0.41999998688697815,1483.700439453125,33.18000030517578,57.540000915527344,2.5199999809265137,0.96438132929831,0.9312127683496548,0.82384420990302,0.7004550050631836,1547.2043033879772,33.179998964071274,63.4199980199337,4.283999866247177,False,False,1
a00044_f0,0.41999998688697815,958.5576171875,25.200000762939453,49.97999954223633,3.947999954223633,0.9809963099632749,0.962701430382714,0.9022796573268146,0.8219576719623821,953.6183404532442,25.619999200105667,49.55999845266342,4.367999863624573,False,False,1
a00044_f1,0.41999998688697815,957.8519897460938,25.6200008392334,50.400001525878906,3.947999954223633,0.9771177734194721,0.9552593133682385,0.9053910402444132,0.8271365149881482,930.8627418741712,25.19999921321869,48.719998478889465,5.627999824285507,False,False,1
a00045_f0,0.41999998688697815,1237.798828125,28.979999542236328,52.08000183105469,2.0999999046325684,0.9846808510639384,0.9698239731772866,0.8211920529839523,0.6966292134941419,1249.441121981193,29.39999908208847,53.339998334646225,3.2759998977184295,False,False,1
a00046_f0,0.41999998688697815,1559.1995849609375,30.65999984741211,64.26000213623047,3.5280001163482666,0.9877523247902713,0.9758010306971118,0.8974607482090045,0.8139943741274966,1548.9683032778278,30.659999042749405,64.25999799370766,3.7799998819828033,False,False,1
a00046_f1,0.41999998688697815,1560.4344482421875,30.65999984741211,63.84000015258789,3.947999954223633,0.9839876916064506,0.9684800897367529,0.8541478402339753,0.7454258675159171,1535.209104136993,30.659999042749405,62.99999803304672,6.0479998111724855,False,False,1
a00046_f2,0.41999998688697815,1559.3759765625,30.239999771118164,63.41999816894531,3.359999895095825,0.9785816824577744,0.9580616145720928,0.8458399858107887,0.7328619735710771,1512.629905546905,30.659999042749405,60.059998124837875,4.1999998688697815,False,False,1
a00047_f0,0.41999998688697815,1119.963623046875,27.299999237060547,48.29999923706055,2.0999999046325684,0.9715694583560246,0.9447108181009183,0.8544577089191147,0.7458980044458583,1169.5319269709598,28.139999121427536,52.07999837398529,3.0239999055862428,False,False,1
a00047_f1,0.41999998688697815,1121.7275390625,27.719999313354492,48.29999923706055,1.2599999904632568,0.9671765700671291,0.93643941649395,0.8554601227029335,0.7474271012115169,1161.593927466632,28.559999108314514,52.49999836087227,2.939999908208847,False,False,1
a00048_f0,0.41999998688697815,928.7459716796875,23.100000381469727,52.08000183105469,2.940000057220459,0.9693749396196563,0.9405699287600193,0.8643678160947885,0.7611336032476579,897.1703439780244,23.099999278783798,48.29999849200249,4.451999861001968,False,False,1
a00049_f0,0.41999998688697815,2013.253173828125,36.959999084472656,72.23999786376953,6.047999858856201,0.4068406840725137,0.2553672316448903,0.7124773960251659,0.5533707865252178,500.09396877265027,25.619999200105667,36.5399988591671,9.323999708890915,False,False,1
a00049_f1,0.41999998688697815,2008.666748046875,37.380001068115234,71.4000015258789,6.4679999351501465,0.9839798755462114,0.9684649465731173,0.949938448913111,0.9046502540073339,1988.3806758396167,37.379998832941055,70.13999781012535,6.803999787569046,False,False,1
a00049_f2,0.41999998688697815,2014.6644287109375,37.380001068115234,72.23999786376953,6.047999858856201,0.985365423609339,0.9711530106875389,0.9354261871653544,0.8786860768966277,1987.1458759167215,36.95999884605408,71.81999775767326,7.811999756097794,False,False,1
a00050_f0,0.41999998688697815,1234.4471435546875,27.719999313354492,58.380001068115234,2.5199999809265137,0.9750144425189557,0.9512470057777759,0.9129586260750788,0.8398563734348345,1208.3399245476735,28.139999121427536,56.69999822974205,2.7719999134540556,False,False,1
a00051_f0,0.41999998688697815,1067.57275390625,25.6200008392334,52.5,2.5199999809265137,0.9698135295595801,0.9413961038970553,0.8892238131143703,0.8005427408480141,1036.1735352982532,26.039999186992645,51.239998400211334,4.1999998688697815,False,False,1
a00052_f0,0.41999998688697815,1620.0576171875,33.18000030517578,68.04000091552734,3.1080000400543213,0.9726292507604499,0.946716899892931,0.8958305757790095,0.8113162311241593,1570.1363019560351,32.759998977184296,63.83999800682068,3.695999884605408,False,False,1
a00053_f0,0.41999998688697815,1827.32763671875,34.439998626708984,70.55999755859375,7.139999866485596,0.971507307711375,0.9445933014359369,0.9646000765407138,0.9316207725017257,1760.648290059902,34.43999892473221,67.61999788880348,7.1399997770786285,False,False,1
a00053_f1,0.41999998688697815,1827.8568115234375,34.86000061035156,70.55999755859375,7.980000019073486,0.964463502390633,0.9313660161834234,0.9444021325214738,0.8946608946627947,1750.4170906987683,35.279998898506165,64.67999798059464,8.231999742984772,False,False,1
a00054_f0,0.41999998688697815,962.4384155273438,25.6200008392334,49.97999954223633,3.5280001163482666,0.9758683729435478,0.9528739735817052,0.8556933483679877,0.74778325123981,967.377539594079,26.039999186992645,49.13999846577644,5.627999824285507,False,False,1
a00055_f0,0.41999998688697815,2033.1864013671875,38.220001220703125,70.9800033569336,2.5199999809265137,0.9807810443177676,0.9622868951268961,0.8887706226736071,0.7998084291251657,1986.9694759277363,38.63999879360199,67.1999979019165,4.1999998688697815,False,False,1
a00055_f1,0.41999998688697815,2033.36279296875,38.220001220703125,70.55999755859375,2.687999963760376,0.9602842621330442,0.9236026994296279,0.8911988912007762,0.8037500000061328,1888.5382820740717,38.63999879360199,63.83999800682068,4.703999853134155,False,False,1
a00056_f0,0.41999998688697815,1927.346435546875,36.959999084472656,70.13999938964844,7.139999866485596,0.9666420255037579,0.9354377179653453,0.9630815407707546,0.9287919722128755,1890.6550819418926,36.95999884605408,66.77999791502953,6.887999784946441,False,False,1
a00057_f0,0.41999998688697815,1684.443603515625,31.5,66.36000061035156,6.047999858856201,0.9831116740553983,0.9667843055847334,0.9300503637388915,0.8692468619274216,1656.9250965366857,31.91999900341034,66.35999792814255,6.299999803304672,False,False,1
a00057_f1,0.41999998688697815,1683.208740234375,31.920000076293945,66.77999877929688,6.888000011444092,0.9698398242890136,0.941445657826922,0.9519686662548756,0.9083398898523143,1609.649899488689,32.33999899029732,62.99999803304672,7.727999758720397,False,False,1
a00057_f2,0.41999998688697815,1682.85595703125,31.5,66.36000061035156,6.888000011444092,0.9807946669489402,0.9623131229239793,0.9380854958550868,0.8833907929449728,1651.2802968891638,31.91999900341034,64.67999798059464,7.89599975347519,False,False,1
a00058_f0,0.41999998688697815,1461.8267822265625,29.399999618530273,59.63999938964844,7.559999942779541,0.9836804286933158,0.9678849610549084,0.9451189898014073,0.895948434624384,1435.0139103934778,29.81999906897545,59.21999815106392,8.06399974822998,False,False,1
a00058_f1,0.41999998688697815,1463.0616455078125,29.399999618530273,59.63999938964844,8.14799976348877,0.9822956273765311,0.9652072387628113,0.9557099885908545,0.9151767977768142,1506.1031059544578,29.81999906897545,61.73999807238579,9.071999716758729,False,False,1
a00059_f0,0.41999998688697815,1621.6451416015625,32.7599983215332,63.0,4.788000106811523,0.9842070629524885,0.9689052040599341,0.8903566710716225,0.8023809523861803,1595.185100391914,33.179998964071274,60.47999811172485,5.543999826908111,False,False,1
a00059_f1,0.41999998688697815,1621.998046875,33.18000030517578,62.58000183105469,4.619999885559082,0.7065669160452579,0.5462724935781247,0.7924696116247781,0.6562730174403075,924.512342270709,31.49999901652336,48.29999849200249,4.451999861001968,False,False,1
a00060_f0,0.41999998688697815,856.24560546875,22.68000030517578,49.560001373291016,6.300000190734863,0.9605416269971381,0.924078974151759,0.8935024127494836,0.8075050709978193,811.2635493422993,22.67999929189682,44.519998610019684,7.727999758720397,False,False,1
a00060_f1,0.41999998688697815,855.0108032226562,22.68000030517578,49.560001373291016,6.383999824523926,0.9834667775815382,0.9674713584294707,0.9027984009148737,0.8228190714173887,841.4279474587448,22.67999929189682,48.29999849200249,7.643999761343002,False,False,1
a00060_f2,0.41999998688697815,854.6580200195312,22.260000228881836,49.560001373291016,6.300000190734863,0.9732040454595642,0.9478066612520755,0.8641470888675776,0.7607913669107771,837.1943477231034,22.67999929189682,46.619998544454575,8.65199972987175,False,False,1
a00061_f0,0.41999998688697815,1715.6663818359375,30.239999771118164,67.62000274658203,2.5199999809265137,0.9802831402832418,0.9613287560585488,0.9037487335384056,0.8243992606365805,1710.9034931661145,30.659999042749405,67.1999979019165,3.0239999055862428,False,False,1
a00062_f0,0.41999998688697815,1252.616455078125,25.6200008392334,63.41999816894531,3.7799999713897705,0.9751760438155261,0.9515546918385404,0.8401953942805269,0.7244283995269426,1227.3911233580602,26.039999186992645,60.47999811172485,5.039999842643738,False,False,1
a00062_f1,0.41999998688697815,1252.2635498046875,26.040000915527344,63.41999816894531,3.5280001163482666,0.9694067190852794,0.9406297683459477,0.9046515772606549,0.8259030263642726,1215.572324096061,26.8799991607666,58.79999816417694,4.787999850511551,False,False,1
a00063_f0,0.41999998688697815,965.6135864257812,24.780000686645508,51.65999984741211,3.1080000400543213,0.9753658084832806,0.9519161243681866,0.9045492142282126,0.8257324071330192,939.1535413564691,24.77999922633171,48.719998478889465,5.207999837398529,False,False,1
a00063_f1,0.41999998688697815,966.3192138671875,24.360000610351562,51.65999984741211,3.5280001163482666,0.9610316792826742,0.9249865083661633,0.8700745473931474,0.7700282752192891,919.043942612172,24.77999922633171,50.39999842643738,4.9559998452663425,False,False,1
a00063_f2,0.41999998688697815,965.2608032226562,24.780000686645508,51.2400016784668,3.5280001163482666,0.9794163388529923,0.9596629616357177,0.8586591190543311,0.752324860516047,962.9675398694525,25.619999200105667,49.13999846577644,3.695999884605408,False,False,1
a00064_f0,0.41999998688697815,1127.3724365234375,27.719999313354492,54.18000030517578,3.7799999713897705,0.9800297595741246,0.9608415233421247,0.9467691431832228,0.8989189189216509,1125.0791297467242,27.719999134540558,52.91999834775925,4.367999863624573,False,False,1
a00065_f0,0.41999998688697815,2046.5927734375,37.380001068115234,73.5,5.964000225067139,0.9802142733714351,0.961196306024221,0.9550634272204358,0.9139917695490948,2036.7142728215238,37.79999881982803,74.33999767899513,6.0479998111724855,False,False,1
a00066_f0,0.41999998688697815,1646.164794921875,34.02000045776367,57.959999084472656,2.2679998874664307,0.9677553567715428,0.937525191455688,0.7311233885881417,0.5761973875335198,1745.6542909961718,34.43999892473221,66.77999791502953,3.947999876737595,False,False,1
a00067_f0,0.41999998688697815,1738.598388671875,32.7599983215332,72.66000366210938,3.5280001163482666,0.9707221187669629,0.9431098602880379,0.9126181396134535,0.839280268379406,1671.5662956224458,32.759998977184296,69.71999782323837,3.947999876737595,False,False,1
a00067_f1,0.41999998688697815,1748.1240234375,32.7599983215332,73.91999816894531,3.5280001163482666,0.9787515923567962,0.9583873864887896,0.8995983935759101,0.8175182481805104,1713.7258929898755,33.179998964071274,69.2999978363514,4.283999866247177,False,False,1
a00068_f0,0.41999998688697815,1771.93798828125,36.540000915527344,63.0,7.308000087738037,0.9814044408802496,0.9634878456848393,0.8993348115308263,0.8170829975855426,1747.4182908860223,36.5399988591671,62.99999803304672,7.307999771833419,False,False,1
a00068_f1,0.41999998688697815,1770.879638671875,36.119998931884766,63.84000015258789,7.308000087738037,0.9860894892784308,0.9725606736010642,0.9502220577354716,0.9051648157957841,1741.5970912495154,36.11999887228012,62.99999803304672,7.307999771833419,False,False,1
a00069_f0,0.41999998688697815,1786.2264404296875,34.86000061035156,69.30000305175781,6.300000190734863,0.9795304033715657,0.9598820059000995,0.9127114548099303,0.8394381223357141,1729.7782919875162,35.279998898506165,65.51999795436859,7.307999771833419,False,False,1
a00070_f0,0.41999998688697815,1024.001953125,25.200000762939453,49.560001373291016,6.4679999351501465,0.9687121866899852,0.9393228293674267,0.9396996189202006,0.886257928120798,1016.9459364988813,25.619999200105667,49.9799984395504,6.71999979019165,False,False,1
a00071_f0,0.41999998688697815,1683.0323486328125,34.02000045776367,65.0999984741211,4.788000106811523,0.9808453379769888,0.9624106865490069,0.876082117241206,0.779489436624571,1659.9238963494317,34.43999892473221,63.83999800682068,6.551999795436859,False,False,1
a00072_f0,0.41999998688697815,1656.39599609375,34.02000045776367,65.0999984741211,3.7799999713897705,0.9846817691478712,0.9698257543564617,0.8713617855546469,0.7720470336779249,1614.0598992133157,34.01999893784523,62.579998046159744,5.375999832153321,False,False,1
a00072_f1,0.41999998688697815,1657.630859375,34.02000045776367,65.0999984741211,3.7799999713897705,0.9855477354537928,0.9715072555876336,0.8965808357971495,0.8125478194385987,1625.7022984863297,34.43999892473221,62.99999803304672,5.459999829530716,False,False,1
a00072_f2,0.41999998688697815,1657.983642578125,34.439998626708984,65.0999984741211,3.5280001163482666,0.9752297028640308,0.9516568791951379,0.8855184483026758,0.7945563988538457,1624.9966985303895,35.279998898506165,62.159998059272766,5.879999816417694,False,False,1
a00073_f0,0.41999998688697815,1486.5228271484375,31.079999923706055,64.68000030517578,5.208000183105469,0.9711165048545441,0.9438546827088481,0.9275299238310388,0.8648538961066385,1420.549111296703,31.079999029636383,63.4199980199337,5.879999816417694,False,False,1
a00073_f1,0.41999998688697815,1486.8756103515625,31.079999923706055,64.26000213623047,5.039999961853027,0.9821739391394143,0.9649722844679209,0.8809170027607629,0.7871775417339306,1452.1247093250288,31.079999029636383,61.31999808549881,6.299999803304672,False,False,1
a00074_f0,0.41999998688697815,2056.47119140625,38.220001220703125,66.77999877929688,3.359999895095825,0.9741848417571103,0.9496689865901403,0.8685212298701535,0.7675983436913147,1995.6130753880043,38.63999879360199,66.35999792814255,4.367999863624573,False,False,1
a00074_f1,0.41999998688697815,2054.001708984375,38.63999938964844,66.77999877929688,3.359999895095825,0.9785019621225964,0.9579088024055629,0.8893460690684887,0.8007409367610283,2081.5198700237293,38.63999879360199,70.97999778389931,4.61999985575676,False,False,1
a00075_f0,0.41999998688697815,1002.833984375,25.6200008392334,51.65999984741211,3.5280001163482666,0.9816448994000914,0.9639514731375398,0.8616727272747393,0.7569639662725028,996.1307377986441,26.039999186992645,52.07999837398529,5.879999816417694,False,False,1
a00075_f1,0.41999998688697815,1000.8936157226562,25.200000762939453,51.65999984741211,3.359999895095825,0.9806542384806485,0.9620427881303996,0.8121019108307455,0.6836461126082465,1005.1271372368823,25.619999200105667,62.579998046159744,6.299999803304672,False,False,1
a00076_f0,0.41999998688697815,1600.653564453125,31.5,63.41999816894531,6.300000190734863,0.9759741345672781,0.9530756668486329,0.9223231357561863,0.8558438678231128,1563.785902352573,31.49999901652336,63.4199980199337,6.887999784946441,False,False,1
a00077_f0,0.41999998688697815,2107.45068359375,36.959999084472656,71.4000015258789,6.047999858856201,0.9791666666667542,0.9591836734697237,0.9136378086265377,0.8410066328552281,2092.2802693518183,37.79999881982803,70.97999778389931,7.307999771833419,False,False,1
a00077_f1,0.41999998688697815,2106.216064453125,36.959999084472656,71.4000015258789,6.047999858856201,0.9889486634138666,0.9781389209703173,0.9255788906847003,0.8614675220557043,2123.679467391159,37.379998832941055,72.23999774456024,6.635999792814255,False,False,1
a00078_f0,0.41999998688697815,1659.2183837890625,36.119998931884766,63.41999816894531,3.359999895095825,0.9808169951911387,0.9623561132431572,0.8990685211190625,0.8166434863278479,1678.6222951818484,36.11999887228012,65.93999794125557,4.03199987411499,False,False,1
a00079_f0,0.41999998688697815,1298.4803466796875,29.81999969482422,52.5,2.940000057220459,0.9785280216071672,0.9579587519836336,0.9190251572342959,0.8501818181872661,1314.0035179497254,30.659999042749405,55.01999828219414,3.5279998898506166,False,False,1
a00079_f1,0.41999998688697815,1299.8916015625,29.81999969482422,53.7599983215332,2.5199999809265137,0.9775887673823573,0.9561600422559599,0.9116993332004102,0.8377274415210647,1313.2979179937852,30.239999055862427,54.17999830842018,2.939999908208847,False,False,1
a00079_f2,0.41999998688697815,1298.1275634765625,30.239999771118164,52.5,2.940000057220459,0.9715844812672417,0.9447392260910478,0.9359423274987447,0.8795973674069067,1352.635115537454,29.81999906897545,57.53999820351601,3.1919999003410338,False,False,1
a00080_f0,0.41999998688697815,986.4287719726562,25.6200008392334,46.619998931884766,5.880000114440918,0.9792732166892842,0.9593881856547224,0.9498148384631616,0.9044260700412348,979.5491388340482,26.039999186992645,46.199998557567596,6.971999782323838,False,False,1
a00080_f1,0.41999998688697815,985.3704223632812,25.6200008392334,46.20000076293945,6.4679999351501465,0.9726667865494275,0.9467880273070753,0.9441463414640957,0.8942018942043382,976.5503390213022,25.619999200105667,46.199998557567596,7.89599975347519,False,False,1
a00081_f0,0.41999998688697815,2012.3712158203125,38.220001220703125,67.19999694824219,8.567999839782715,0.9857338456782574,0.9718690123674284,0.9610988200593557,0.9251109139321188,1981.5010762691993,37.79999881982803,65.93999794125557,9.827999693155288,False,False,1
a00081_f1,0.41999998688697815,2010.9599609375,37.79999923706055,67.19999694824219,8.399999618530273,0.97707953179947,0.9551862164988236,0.9186549976976632,0.8495484750409005,1952.5714780756493,37.79999881982803,64.25999799370766,9.743999695777893,False,False,1
a00082_f0,0.41999998688697815,1151.5391845703125,26.8799991607666,54.599998474121094,5.880000114440918,0.98191134228723,0.9644654567643058,0.9512017479976789,0.9069444444465985,1120.6691300220978,26.8799991607666,52.49999836087227,5.879999816417694,False,False,1
a00082_f1,0.41999998688697815,1153.30322265625,26.8799991607666,54.599998474121094,5.880000114440918,0.9585085283620903,0.9203229737976795,0.9279913373045156,0.8656565656592796,1070.21873317237,26.8799991607666,52.91999834775925,5.879999816417694,False,False,1
a00083_f0,0.41999998688697815,1434.6612548828125,29.81999969482422,60.900001525878906,7.308000087738037,0.9902171906725514,0.9806239337072796,0.9328079635013189,0.87407695297563,1432.3679105587019,29.81999906897545,60.47999811172485,9.911999690532685,False,False,1
a00083_f1,0.41999998688697815,1434.4847412109375,29.81999969482422,60.900001525878906,7.308000087738037,0.9789845638833365,0.9588342440806455,0.9293915559178249,0.868096605305386,1411.0235118915095,30.239999055862427,59.6399981379509,8.06399974822998,False,False,1
a00083_f2,0.41999998688697815,1433.25,29.399999618530273,60.900001525878906,7.728000164031982,0.973715279935539,0.9487769435704918,0.9348506995204129,0.8776710448955564,1405.5551122329725,29.81999906897545,59.21999815106392,7.89599975347519,False,False,1
a00084_f0,0.41999998688697815,1360.7496337890625,32.34000015258789,56.279998779296875,7.223999977111816,0.9630859115657743,0.9288001024468076,0.9538613861390707,0.9117925421178915,1296.1871190622342,32.33999899029732,53.7599983215332,7.979999750852585,False,False,1
a00084_f1,0.41999998688697815,1360.0439453125,32.34000015258789,56.70000076293945,7.308000087738037,0.9674076988657131,0.936872856599303,0.93493379060746,0.8778175313080891,1329.8795169583811,32.33999899029732,55.859998255968094,8.315999740362168,False,False,1
a00085_f0,0.41999998688697815,1149.95166015625,26.459999084472656,55.86000061035156,2.2679998874664307,0.9805982839918018,0.9619350925089182,0.7385069590945064,0.5854229354869468,1132.1351293061268,26.459999173879623,55.439998269081116,4.61999985575676,False,False,1
a00086_f0,0.41999998688697815,1031.4107666015625,26.040000915527344,55.02000045776367,6.4679999351501465,0.9799791086352718,0.9607441542932114,0.9251810136773413,0.8607784431163776,995.0723378647338,26.039999186992645,52.49999836087227,7.1399997770786285,False,False,1
a00086_f1,0.41999998688697815,1031.587158203125,26.040000915527344,55.02000045776367,7.139999866485596,0.9565833776363939,0.9167798913057612,0.9064734837939401,0.8289451333475634,959.2631401007661,26.039999186992645,48.29999849200249,9.23999971151352,False,False,1
a00087_f0,0.41999998688697815,1366.0416259765625,27.719999313354492,60.900001525878906,2.0999999046325684,0.9737724314732547,0.9488854727139523,0.8530245746726601,0.7437165224662664,1317.5315177294267,27.719999134540558,59.21999815106392,3.1079999029636385,False,False,1
a00087_f1,0.41999998688697815,1366.57080078125,27.719999313354492,60.900001525878906,2.2679998874664307,0.9661619486506506,0.9345389709636457,0.8846863468661281,0.7932175351615709,1311.8867180819047,28.139999121427536,58.79999816417694,2.7719999134540556,False,False,1
a00087_f2,0.41999998688697815,1367.9820556640625,27.719999313354492,61.31999969482422,2.0999999046325684,0.9814539579968888,0.9635833016119327,0.8922929631428365,0.8055315471129849,1359.3383151188864,28.139999121427536,61.31999808549881,3.2759998977184295,False,False,1
a00088_f0,0.41999998688697815,1550.02685546875,33.599998474121094,58.380001068115234,6.4679999351501465,0.9679995370640125,0.9379836267810028,0.9453038115464028,0.8962806748486143,1500.1055063289657,34.01999893784523,59.21999815106392,7.1399997770786285,False,False,1
a00088_f1,0.41999998688697815,1548.08642578125,33.18000030517578,58.79999923706055,7.139999866485596,0.9881074899943505,0.9764945191549724,0.9516980380445006,0.9078472354188135,1537.1495040158286,33.179998964071274,58.37999817728996,6.887999784946441,False,False,1
a00089_f0,0.41999998688697815,1418.07958984375,30.65999984741211,59.63999938964844,1.6799999475479126,0.9647194171036385,0.9318434374622565,0.8312853520610243,0.7112817089548972,1341.8747162093653,31.079999029636383,55.01999828219414,2.6039999186992646,False,False,1
a00090_f0,0.41999998688697815,1135.134033203125,26.459999084472656,57.119998931884766,5.627999782562256,0.983259363077293,0.96706999540562,0.9045386989835995,0.8257148820741868,1126.4903296586049,26.8799991607666,56.69999822974205,6.131999808549881,False,False,1
a00090_f1,0.41999998688697815,1136.545166015625,26.459999084472656,56.70000076293945,5.460000038146973,0.9743870060910949,0.9500532967877257,0.9443906636555406,0.8946403097637122,1122.4331299119483,26.8799991607666,55.01999828219414,5.459999829530716,False,False,1
a00090_f2,0.41999998688697815,1135.839599609375,26.459999084472656,57.119998931884766,5.627999782562256,0.969481902058438,0.9407713498631655,0.9458927123166968,0.8973400747439583,1101.0887312447558,26.8799991607666,51.65999838709831,6.71999979019165,False,False,1
a00091_f0,0.41999998688697815,952.2072143554688,24.780000686645508,51.2400016784668,5.039999961853027,0.9689406024212355,0.9397524572271614,0.8916209119134444,0.8044367865646255,927.6875420724401,25.19999921321869,48.29999849200249,7.727999758720397,False,False,1
a00092_f0,0.41999998688697815,1748.82958984375,36.959999084472656,60.47999954223633,6.71999979019165,0.9879736325668597,0.9762330946700852,0.9428603128820275,0.8918975650736377,1755.5326903793352,36.95999884605408,61.73999807238579,7.391999769210816,False,False,1
a00093_f0,0.41999998688697815,1221.2171630859375,28.139999389648438,59.220001220703125,1.6799999475479126,0.9817653468944296,0.964183789954849,0.8310344827618575,0.7109144542867613,1206.928724635793,28.139999121427536,58.37999817728996,3.7799998819828033,False,False,1
a00093_f1,0.41999998688697815,1220.8643798828125,28.139999389648438,58.79999923706055,1.6799999475479126,0.9685045150872292,0.9389323843425063,0.8548662492913135,0.7465208747598899,1181.8799261999143,28.139999121427536,55.01999828219414,3.4439998924732205,False,False,1
a00093_f2,0.41999998688697815,1221.5699462890625,28.139999389648438,59.220001220703125,1.2599999904632568,0.98257839721267,0.9657534246580229,0.876507276509844,0.7801628423471442,1208.1635245586883,28.559999108314514,57.11999821662903,2.8559999108314513,False,False,1
a00094_f0,0.41999998688697815,1669.4495849609375,34.02000045776367,65.94000244140625,4.619999885559082,0.9826527888978774,0.9658971668419108,0.8843883809757621,0.7927385892159183,1635.404297880508,34.43999892473221,63.4199980199337,5.627999824285507,False,False,1
a00094_f1,0.41999998688697815,1671.213623046875,34.02000045776367,65.5199966430664,4.619999885559082,0.9821826280624553,0.9649890590813276,0.8719981347648402,0.7730467135226737,1655.3374966358201,35.279998898506165,64.25999799370766,6.635999792814255,False,False,1
a00095_f0,0.41999998688697815,2070.23046875,37.380001068115234,70.55999755859375,3.947999954223633,0.9743279975839223,0.9499411071853446,0.8854359353818543,0.7944235450366359,2018.1922739780923,37.379998832941055,71.39999777078629,4.61999985575676,False,False,1
a00096_f0,0.41999998688697815,1981.501220703125,35.279998779296875,72.66000366210938,3.359999895095825,0.9777238839487212,0.9564185923912097,0.8826831725941747,0.7900025766609121,1946.221078472187,35.279998898506165,71.39999777078629,6.0479998111724855,False,False,1
a00096_f1,0.41999998688697815,1980.795654296875,35.279998779296875,73.08000183105469,3.359999895095825,0.98363587588311,0.9677986978711262,0.9072381237837969,0.8302249040090448,1964.5666773266335,36.11999887228012,70.13999781012535,4.9559998452663425,False,False,1
a00096_f2,0.41999998688697815,1982.3831787109375,35.279998779296875,72.66000366210938,3.947999954223633,0.977008898324328,0.9550512186510505,0.8485309788423119,0.7369116869450842,1922.936279926159,35.69999888539314,68.45999786257744,5.207999837398529,False,False,1
a00097_f0,0.41999998688697815,1115.5535888671875,23.940000534057617,57.959999084472656,7.308000087738037,0.9563023842464293,0.9162638390781809,0.948710227843534,0.9024250525128428,1052.2259342958937,24.359999239444733,52.07999837398529,7.307999771833419,False,False,1
a00097_f1,0.41999998688697815,1115.72998046875,24.360000610351562,57.540000915527344,6.300000190734863,0.9684924866701528,0.9389097744370472,0.9342904472674292,0.87668393782639,1067.749133326579,24.359999239444733,54.17999830842018,6.299999803304672,False,False,1
a00097_f2,0.41999998688697815,1113.436767578125,24.360000610351562,57.540000915527344,7.308000087738037,0.9773770227841769,0.9557549992134191,0.9597780859920767,0.9226666666681397,1077.6275327097426,24.359999239444733,56.27999824285507,7.811999756097794,False,False,1
a00098_f0,0.41999998688697815,1320.706787109375,28.979999542236328,57.119998931884766,6.888000011444092,0.9826069437916688,0.9658085808585372,0.9092927050760843,0.8336725254424853,1306.0655184453976,28.979999095201492,55.01999828219414,9.40799970626831,False,False,1
a00098_f1,0.41999998688697815,1321.412353515625,29.399999618530273,57.119998931884766,6.888000011444092,0.9334267694468575,0.875164257557488,0.7998404043117457,0.6664450354683855,1195.815525329734,29.39999908208847,53.339998334646225,8.147999745607375,False,False,1
a00099_f0,0.41999998688697815,1311.8868408203125,28.559999465942383,59.220001220703125,3.359999895095825,0.9759743726643355,0.9530761209599443,0.9310785846251091,0.8710449348611793,1331.2907168702616,28.979999095201492,59.6399981379509,4.03199987411499,False,False,1
a00099_f1,0.41999998688697815,1311.0047607421875,28.139999389648438,59.63999938964844,3.947999954223633,0.9755631399319075,0.9522921108748362,0.9347891115774037,0.8775624824521886,1273.2551204941763,28.559999108314514,56.69999822974205,3.947999876737595,False,False,1
a00100_f0,0.41999998688697815,1628.1719970703125,32.7599983215332,63.41999816894531,3.359999895095825,0.9886959813944037,0.9776446678791566,0.9054998480719311,0.827318156584472,1632.0526980897919,32.759998977184296,62.99999803304672,4.1999998688697815,False,False,1
a00100_f1,0.41999998688697815,1627.4664306640625,32.7599983215332,63.84000015258789,2.940000057220459,0.9705802085040632,0.9428419936379339,0.8854528242365817,0.7944507361326599,1604.5342998081223,33.59999895095825,64.67999798059464,3.947999876737595,False,False,1
a00100_f2,0.41999998688697815,1628.701171875,32.7599983215332,63.84000015258789,3.0239999294281006,0.9728432762571009,0.94712253132356,0.894894894896473,0.8097826087008211,1606.121899708988,33.59999895095825,64.25999799370766,4.61999985575676,False,False,1
a00101_f0,0.41999998688697815,933.5087890625,21.420000076293945,55.02000045776367,4.619999885559082,0.9526392251820568,0.9095616793062777,0.8902685922541468,0.8022378983263868,887.8211445618161,21.839999318122864,50.39999842643738,4.871999847888946,False,False,1
a00102_f0,0.41999998688697815,1735.7760009765625,33.18000030517578,65.0999984741211,4.199999809265137,0.9895812259761806,0.9793773150467576,0.9293703079526678,0.8680595306277029,1752.004690599634,34.01999893784523,65.09999796748161,4.787999850511551,False,False,1
a00102_f1,0.41999998688697815,1740.3624267578125,33.599998474121094,65.0999984741211,3.7799999713897705,0.989188643023193,0.9786085565775828,0.937774167344634,0.8828387886239573,1750.4170906987683,34.43999892473221,66.35999792814255,3.7799998819828033,False,False,1
a00102_f2,0.41999998688697815,1739.1275634765625,33.599998474121094,65.0999984741211,3.7799999713897705,0.9812657188318983,0.9632204756150421,0.9346223168944023,0.8772685327629263,1697.6734939922349,34.01999893784523,63.4199980199337,4.451999861001968,False,False,1
a00103_f0,0.41999998688697815,1229.1551513671875,30.239999771118164,53.34000015258789,1.2599999904632568,0.9742402315486669,0.9497742663663971,0.800345224401601,0.6671462829895854,1208.6927245256436,31.079999029636383,52.07999837398529,2.8559999108314513,False,False,1
a00103_f1,0.41999998688697815,1226.685546875,29.81999969482422,53.34000015258789,1.2599999904632568,0.9490798394911507,0.9030941408834352,0.6926635822970039,0.5298281092249835,1312.41591804886,31.079999029636383,61.73999807238579,3.1079999029636385,False,False,1
a00103_f2,0.41999998688697815,1228.978759765625,29.81999969482422,53.34000015258789,1.2599999904632568,0.9808981474808557,0.9625123779889304,0.7986250358121276,0.6647591797966258,1218.218323930837,30.239999055862427,52.07999837398529,2.0999999344348907,False,False,1
a00104_f0,0.41999998688697815,1252.616455078125,27.719999313354492,57.540000915527344,5.039999961853027,0.9761039686977634,0.9533233246901416,0.9524079320120056,0.9091400757190605,1270.079920692445,28.139999121427536,60.059998124837875,4.787999850511551,False,False,1
a00104_f1,0.41999998688697815,1254.2039794921875,27.719999313354492,57.540000915527344,4.788000106811523,0.9862030128115852,0.9727815581173062,0.9253203711897876,0.861019736845915,1251.7343218379986,28.139999121427536,56.69999822974205,5.375999832153321,False,False,1
a00105_f0,0.41999998688697815,1011.1248168945312,25.200000762939453,50.81999969482422,5.039999961853027,0.9799351616579345,0.9606596804679495,0.9277218664236345,0.8651877133138667,1002.1283374241361,25.619999200105667,52.91999834775925,6.3839998006820675,False,False,1
a00105_f1,0.41999998688697815,1010.5955810546875,25.200000762939453,50.81999969482422,4.368000030517578,0.9849886542155264,0.9704213241621595,0.8916216216230862,0.804437941970143,1010.5955368954192,25.619999200105667,50.39999842643738,5.459999829530716,False,False,1
a00105_f2,0.41999998688697815,1010.9484252929688,25.200000762939453,50.81999969482422,4.619999885559082,0.962723136157134,0.9281255272493989,0.9191982856432724,0.8504781898798582,1004.9507372478972,25.619999200105667,51.65999838709831,5.795999819040299,False,False,1
a00106_f0,0.41999998688697815,1895.770751953125,36.540000915527344,63.84000015258789,7.308000087738037,0.9848780035254435,0.9702065435937652,0.9630308585399426,0.9286977018281537,1907.0602809175034,36.5399988591671,67.1999979019165,7.391999769210816,False,False,1
a00107_f0,0.41999998688697815,1438.189208984375,30.239999771118164,60.47999954223633,7.139999866485596,0.9887667887668573,0.9777831441683434,0.8913940614001873,0.80406755039397,1451.2427093801036,30.659999042749405,61.31999808549881,9.659999698400497,False,False,1
a00108_f0,0.41999998688697815,2133.910888671875,39.060001373291016,70.9800033569336,7.980000019073486,0.9628901239847675,0.9284359798835152,0.9083984375008946,0.8321703345887964,1992.0850756083032,39.05999878048897,66.77999791502953,11.003999656438827,False,False,1
a00108_f1,0.41999998688697815,2136.2041015625,39.060001373291016,71.4000015258789,7.980000019073486,0.9784659043486418,0.9578396927857028,0.9228860469562619,0.8568137515531311,2090.6926694509525,39.479998767375946,69.2999978363514,8.315999740362168,False,False,1
a00108_f2,0.41999998688697815,2138.497314453125,39.47999954223633,71.4000015258789,7.308000087738037,0.9736421052632689,0.9486380045951047,0.9016491158364629,0.8209117221450631,2051.0026719293137,39.899998754262924,66.35999792814255,9.323999708890915,False,False,1
a00109_f0,0.41999998688697815,1545.793212890625,31.920000076293945,61.7400016784668,3.0239999294281006,0.9787355338921456,0.9583565926095975,0.9226350744942984,0.8563812062693642,1548.4391033108727,31.91999900341034,60.059998124837875,3.947999876737595,False,False,1
a00110_f0,0.41999998688697815,862.0667724609375,23.100000381469727,51.2400016784668,2.2679998874664307,0.9655099894851156,0.9333197804445351,0.8925753590958411,0.8059919620092805,815.4971490779408,23.099999278783798,51.239998400211334,3.947999876737595,False,False,1
a00110_f1,0.41999998688697815,861.0084228515625,22.68000030517578,50.81999969482422,2.687999963760376,0.9653643083424988,0.9330475607280456,0.8858620689674851,0.7951098731106434,809.4995494524487,22.67999929189682,46.619998544454575,3.5279998898506166,False,False,1
a00110_f2,0.41999998688697815,861.890380859375,22.68000030517578,50.81999969482422,2.2679998874664307,0.9430999247075067,0.8923264807675081,0.8774080560447153,0.7815912636590644,778.1003514131077,22.67999929189682,46.619998544454575,4.03199987411499,False,False,1
a00111_f0,0.41999998688697815,1567.31396484375,32.7599983215332,59.220001220703125,7.559999942779541,0.9792142658123197,0.9592750300255566,0.9258659760448272,0.8619650391830025,1598.1839002046602,32.759998977184296,62.159998059272766,8.231999742984772,False,False,1
a00111_f1,0.41999998688697815,1568.7252197265625,33.18000030517578,59.220001220703125,7.308000087738037,0.9841945970183601,0.9688810417129896,0.9319235763315533,0.8725251823571982,1578.6035014273182,33.179998964071274,59.21999815106392,10.247999680042266,False,False,1
a00112_f0,0.41999998688697815,950.0903930664062,23.100000381469727,52.5,6.300000190734863,0.9563285024158809,0.916311794113751,0.941641478726556,0.8897188049233365,875.6495453218469,23.519999265670776,48.719998478889465,6.803999787569046,False,False,1
a00113_f0,0.41999998688697815,1920.2904052734375,33.599998474121094,71.4000015258789,5.039999961853027,0.9754806352745635,0.952134892575903,0.9248414518968446,0.8601907630557181,1878.3070827129382,34.43999892473221,69.71999782323837,5.459999829530716,False,False,1
a00114_f0,0.41999998688697815,1279.076416015625,29.81999969482422,55.02000045776367,1.6799999475479126,0.973548656550372,0.948460599485305,0.8478568064096124,0.735895339340315,1255.085921628715,30.239999055862427,55.439998269081116,2.6879999160766603,False,False,1
a00115_f0,0.41999998688697815,1187.8775634765625,26.459999084472656,55.02000045776367,5.208000183105469,0.9771266258037291,0.955276235019654,0.9127122042519354,0.8394393902178647,1172.0015268167508,26.8799991607666,53.7599983215332,5.627999824285507,False,False,1
a00115_f1,0.41999998688697815,1188.053955078125,26.459999084472656,55.439998626708984,5.544000148773193,0.983493912913709,0.9675238795008446,0.8649706457940315,0.7620689655217995,1173.7655267066013,26.8799991607666,54.59999829530716,6.71999979019165,False,False,1
a00115_f2,0.41999998688697815,1188.053955078125,26.459999084472656,55.02000045776367,5.208000183105469,0.9833652289122379,0.9672748334786089,0.9410799726597255,0.8887167570387629,1206.928724635793,26.8799991607666,59.21999815106392,5.879999816417694,False,False,1
a00116_f0,0.41999998688697815,1342.2275390625,30.65999984741211,56.279998779296875,3.947999954223633,0.973783257625089,0.948906032629962,0.904571682202921,0.8257698541376075,1376.0963140724673,30.239999055862427,67.1999979019165,6.131999808549881,False,False,1
a00116_f1,0.41999998688697815,1342.7568359375,30.239999771118164,55.86000061035156,4.619999885559082,0.987228439763086,0.9747789911599742,0.8913746630742402,0.8040359834718201,1336.7591165287984,30.239999055862427,55.01999828219414,6.551999795436859,False,False,1
a00116_f2,0.41999998688697815,1342.9332275390625,30.65999984741211,55.86000061035156,3.947999954223633,0.9708180300502783,0.943290942123757,0.8927378448609088,0.8062569832445529,1298.6567189080251,30.659999042749405,53.7599983215332,6.71999979019165,False,False,1
a00117_f0,0.41999998688697815,1673.6832275390625,32.7599983215332,68.45999908447266,3.947999954223633,0.9869909201933469,0.9743159660344447,0.9265062187057582,0.8630755341600037,1648.4578970654027,33.179998964071274,65.51999795436859,5.459999829530716,False,False,1
a00117_f1,0.41999998688697815,1675.4471435546875,32.34000015258789,68.87999725341797,4.199999809265137,0.9580125580127873,0.9194089289465582,0.9126185685554381,0.8392809939244176,1554.9659029033198,32.759998977184296,63.83999800682068,4.61999985575676,False,False,1
a00118_f0,0.41999998688697815,2062.821533203125,38.63999938964844,69.30000305175781,5.039999961853027,0.9855987544869368,0.9716064120056991,0.8924573108685687,0.8057994690666571,2016.0754741102714,38.21999880671501,67.61999788880348,5.459999829530716,False,False,1
a00118_f1,0.41999998688697815,2062.46875,38.63999938964844,69.72000122070312,4.703999996185303,0.9834963588573125,0.9675286138196904,0.9264805990478048,0.8630310716579364,2031.2458731629868,39.05999878048897,67.61999788880348,5.207999837398529,False,False,1
a00119_f0,0.41999998688697815,1019.2391967773438,23.100000381469727,53.7599983215332,3.947999954223633,0.973919071137909,0.9491639925696814,0.8712675499333347,0.77189908900589,1016.5931365209112,23.519999265670776,51.65999838709831,4.535999858379364,False,False,1
