id,pixel_spacing_mm,true_ema_mm2,true_emd_mm,true_emw_mm,true_fat_c_mm,dice_c1,iou_c1,dice_c2,iou_c2,seg_ema_mm2,seg_emd_mm,seg_emw_mm,seg_fat_c_mm,qc_no_muscle,qc_muscle_touches_border,qc_n_components,reg_ema_mm2,reg_emd_mm,reg_emw_mm,reg_fat_c_mm
a00000_f0,0.41999998688697815,1745.47802734375,34.02000045776367,70.55999755859375,6.4679999351501465,0.9947480052520212,0.9895508891792469,0.9697473749873194,0.9412714429880672,1747.5946908750075,34.01999893784523,70.97999778389931,6.971999782323838,False,False,1,1708.7463326275756,31.99848431908802,70.60432569975751,6.916351277807337
a00000_f1,0.41999998688697815,1744.9488525390625,33.599998474121094,70.55999755859375,6.300000190734863,0.9962111644354826,0.992450931051913,0.9836065573772182,0.9677419354845255,1746.8890909190673,33.59999895095825,70.97999778389931,6.467999798059464,False,False,1,1770.205742536411,33.83905550340535,67.92177033197731,6.518002698735174
a00000_f2,0.41999998688697815,1742.1263427734375,33.599998474121094,70.55999755859375,6.888000011444092,0.9958922866271317,0.9918181818182644,0.9825131390350452,0.9656273478593984,1736.3050915799636,33.59999895095825,70.55999779701233,6.887999784946441,False,True,1,1721.7825541997518,32.878471028839215,67.68705615721501,7.22240449408298
a00001_f0,0.41999998688697815,1349.4599609375,30.65999984741211,60.060001373291016,6.047999858856201,0.9928294191172106,0.9857609405619103,0.9802152030547239,0.9611980939423372,1331.9963168262018,30.239999055862427,60.059998124837875,5.879999816417694,False,False,1,1316.817291985888,29.34394362703649,58.205515915704154,6.062563833414117
a00002_f0,0.41999998688697815,1189.1124267578125,28.559999465942383,53.34000015258789,4.619999885559082,0.9931537431165861,0.986400591278841,0.947175011484502,0.8996509598633028,1181.350726232959,28.559999108314514,52.91999834775925,5.459999829530716,False,False,1,1182.8690091540702,28.15748833128191,53.07026690777434,4.309445040215596
a00002_f1,0.41999998688697815,1189.288818359375,28.559999465942383,53.34000015258789,5.460000038146973,0.9911808669656862,0.982515928285931,0.9764394607537301,0.9539635647475637,1170.9431268828403,28.139999121427536,53.7599983215332,5.627999824285507,False,False,1,1111.3223173037113,26.609333349211965,52.66246033530115,5.187337463518091
a00003_f0,0.41999998688697815,1004.2451782226562,26.040000915527344,53.7599983215332,2.2679998874664307,0.9891703056769505,0.9785726628654126,0.9661392405068648,0.9344964799530304,1015.5347365870009,26.039999186992645,52.49999836087227,2.6879999160766603,False,False,1,1033.8356607071692,25.310737714810443,52.25331532787072,3.2887348194149837
a00003_f1,0.41999998688697815,1004.4215698242188,25.6200008392334,53.7599983215332,2.5199999809265137,0.9931972789116247,0.9864864864867237,0.9752770673491001,0.9517470881879618,992.2499380409728,25.619999200105667,52.91999834775925,2.6879999160766603,False,False,1,995.8475109968276,24.77186910043548,51.225285606599755,3.5407235181633467
a00004_f0,0.41999998688697815,1050.28564453125,26.040000915527344,51.2400016784668,4.619999885559082,0.9884550084890623,0.9771735481709102,0.9686885890217648,0.9392784552860955,1027.7063358269702,25.619999200105667,49.9799984395504,5.207999837398529,False,False,1,952.3957477622243,24.05862755000436,50.04637919170409,4.728758207654918
a00004_f1,0.41999998688697815,1050.638427734375,25.6200008392334,51.2400016784668,5.039999961853027,0.9906035723356421,0.9813820865484505,0.9732751568042913,0.9479415670664557,1033.174735485507,25.619999200105667,50.819998413324356,5.039999842643738,False,False,1,983.9936533299988,24.521405813084186,50.99124395817876,5.1296884578222866
a00005_f0,0.41999998688697815,969.6707763671875,23.100000381469727,55.02000045776367,7.139999866485596,0.9928922908693922,0.9858849077092674,0.9835022389820469,0.9675399953636091,966.1427396711836,23.099999278783798,55.01999828219414,6.803999787569046,False,False,1,921.1845963306405,22.949863248738893,52.10723565792773,6.527850989460816
a00005_f1,0.41999998688697815,972.4932250976562,23.100000381469727,55.02000045776367,6.71999979019165,0.9926128590971945,0.9853340575776691,0.9824397096700721,0.965485503912437,961.732739946557,23.099999278783798,55.01999828219414,6.71999979019165,False,False,1,968.1128676588487,23.36050156238656,53.484885187698296,6.381107524054045
a00005_f2,0.41999998688697815,971.6112060546875,23.520000457763672,55.02000045776367,7.308000087738037,0.9922395690679061,0.9845986591776663,0.9758442198671944,0.9528279181720137,960.4979400236616,23.099999278783798,54.17999830842018,7.223999774456024,False,False,1,962.4201220502509,23.42101409599894,53.954038488011975,6.00766491701151
a00006_f0,0.41999998688697815,1201.9896240234375,26.040000915527344,57.119998931884766,6.047999858856201,0.9945747800586908,0.9892081085024178,0.9813874788496046,0.96345514950242,1204.106324812032,26.459999173879623,57.959998190402985,6.0479998111724855,False,False,1,1092.2498725702535,26.04999124382755,53.866136482670186,5.829387253309193
a00006_f1,0.41999998688697815,1202.6951904296875,26.040000915527344,57.959999084472656,6.131999969482422,0.9953754679586334,0.9907935116178461,0.9815935126788313,0.9638523761384263,1200.4019250433457,25.619999200105667,58.37999817728996,6.3839998006820675,False,False,1,1128.9084915224666,26.306044158200137,55.70003805713452,6.435984984485572
a00006_f2,0.41999998688697815,1202.166015625,26.040000915527344,57.540000915527344,6.047999858856201,0.9904649271935068,0.981109972177755,0.9629791416406795,0.9286015164294734,1184.349526045705,26.039999186992645,56.27999824285507,6.3839998006820675,False,False,1,1079.8762547537044,25.762773837537566,53.420253172816615,5.686162865159112
a00007_f0,0.41999998688697815,1501.3404541015625,32.34000015258789,63.0,4.619999885559082,0.9935233160622143,0.9871299871301377,0.9833169774290857,0.9671814671823723,1494.6371066704287,32.33999899029732,62.579998046159744,4.535999858379364,False,False,1,1437.9756735447982,30.628938347556804,60.532759610749906,4.257863902341008
a00007_f1,0.41999998688697815,1499.2236328125,32.34000015258789,63.0,5.208000183105469,0.9954537403318447,0.9909486305396621,0.9851973684212555,0.9708265802276924,1488.4631070559517,32.33999899029732,62.159998059272766,5.207999837398529,False,False,1,1406.7069426960595,30.33371590398989,59.91269249550825,4.943159393841903
a00008_f0,0.41999998688697815,1787.6375732421875,35.279998779296875,66.36000061035156,1.2599999904632568,0.9953971789161327,0.9908365356193631,0.915684496828747,0.8444816053576722,1776.5242890685577,35.279998898506165,66.77999791502953,2.519999921321869,False,False,1,1679.5074199511728,33.48520797171116,64.3979738505177,2.5342569331639595
a00008_f1,0.41999998688697815,1788.166748046875,34.86000061035156,65.94000244140625,1.6799999475479126,0.9823053084075662,0.9652259332026991,0.8735948612095986,0.7755600814755373,1740.891491293575,34.859998911619186,63.4199980199337,2.519999921321869,False,False,1,1617.2630760460743,33.63444801337988,61.16965446420039,2.6803830626028287
a00008_f2,0.41999998688697815,1788.166748046875,35.279998779296875,66.36000061035156,1.2599999904632568,0.9934646946096336,0.9870142550284415,0.8982330574838239,0.8152659358580892,1801.7494874934214,35.69999888539314,66.35999792814255,2.8559999108314513,False,False,1,1647.9043529560076,34.06984124663609,61.45467172737662,2.9842010434913107
a00009_f0,0.41999998688697815,1916.9388427734375,35.70000076293945,69.30000305175781,2.940000057220459,0.9943158186607777,0.9886958919218023,0.9758408337284724,0.9528214616110755,1900.180681347086,35.69999888539314,68.03999787569046,2.939999908208847,False,False,1,1824.8203497741852,35.48183845695462,66.28960349786553,3.034301212762074
a00009_f1,0.41999998688697815,1916.9388427734375,35.70000076293945,68.87999725341797,2.5199999809265137,0.9899693507941396,0.9801379310346654,0.9442148760340183,0.8943248532324095,1881.6586825036545,36.11999887228012,68.03999787569046,2.519999921321869,False,False,1,1811.0021940096995,35.32218568152433,65.93253461223992,3.0179423460119352
a00009_f2,0.41999998688697815,1916.4095458984375,35.70000076293945,68.87999725341797,2.940000057220459,0.9892284221719327,0.9786864251739966,0.9450920763651783,0.8959000640648335,1899.2986814021606,36.5399988591671,68.03999787569046,2.519999921321869,False,False,1,1777.3514961276378,35.4605758757416,64.12178969968863,3.3995092565038476
a00010_f0,0.41999998688697815,1553.5548095703125,31.920000076293945,64.68000030517578,8.399999618530273,0.9953938015354257,0.990829842635675,0.9823042168676365,0.9652238253798516,1548.4391033108727,31.91999900341034,65.09999796748161,8.399999737739563,False,False,1,1540.5592028510491,30.713915248736804,64.27376245407868,7.615925360462342
a00010_f1,0.41999998688697815,1552.6728515625,31.920000076293945,64.26000213623047,8.14799976348877,0.9965866423939209,0.9931965075406146,0.9863156795154464,0.9730008244028647,1548.0863033329026,31.49999901652336,63.83999800682068,8.567999732494354,False,False,1,1498.6563806677887,30.69347789817295,62.02733359410519,7.733190348002694
a00011_f0,0.41999998688697815,1950.2784423828125,35.70000076293945,70.55999755859375,1.8480000495910645,0.9951029291738682,0.9902535872214578,0.8873774754973519,0.7975548363970674,1940.04707885771,36.11999887228012,70.13999781012535,3.2759998977184295,False,False,1,1874.4569146953,35.90532619891354,66.95859638742729,3.109348954806393
a00011_f1,0.41999998688697815,1948.6907958984375,36.119998931884766,70.55999755859375,1.8480000495910645,0.9953328197924902,0.9907090023453842,0.8452830188708437,0.732026143799607,1944.2806785933512,36.11999887228012,70.13999781012535,5.459999829530716,False,False,1,1888.3546534940833,35.83254648385264,68.02995028869373,3.2655081347218697
a00011_f2,0.41999998688697815,1948.8671875,35.70000076293945,70.55999755859375,1.8480000495910645,0.9927651635801394,0.9856342609325476,0.8596397360467337,0.7538317172426077,1927.8754796177407,35.69999888539314,69.71999782323837,3.695999884605408,False,False,1,1909.1905859193648,36.02900308919027,68.54228879676998,3.3015679933173487
a00012_f0,0.41999998688697815,1170.0611572265625,23.940000534057617,63.84000015258789,5.208000183105469,0.9951065271399901,0.9902607132156089,0.9418910045971456,0.8901644430688748,1173.0599267506611,24.359999239444733,62.99999803304672,4.367999863624573,False,False,1,1145.3311388401125,25.15871500167802,60.9256074354231,4.84324052337099
a00012_f1,0.41999998688697815,1170.237548828125,23.940000534057617,63.41999816894531,4.788000106811523,0.9878104525370425,0.9759144964628043,0.9768956427356661,0.9548347984251339,1145.1887284910213,24.359999239444733,61.73999807238579,3.947999876737595,False,False,1,1016.1874611301973,24.24931825436863,55.10649013211048,4.277303727338371
a00013_f0,0.41999998688697815,1947.9852294921875,35.279998779296875,71.4000015258789,4.199999809265137,0.9939153558390322,0.9879043096497814,0.9615135834417607,0.9258797882302747,1965.801477249529,35.279998898506165,71.81999775767326,4.703999853134155,False,False,1,1820.0345595991384,35.31019848139351,66.88289457242342,4.937878632359759
a00013_f1,0.41999998688697815,1949.0435791015625,35.279998779296875,71.4000015258789,3.947999954223633,0.9899211018379627,0.9800433447717172,0.9533405673546219,0.9108412322301291,1918.8790801795024,35.279998898506165,70.13999781012535,4.367999863624573,False,False,1,1774.5990877707081,34.62195126316709,66.71087341900773,4.310926157819221
a00014_f0,0.41999998688697815,864.536376953125,21.84000015258789,49.97999954223633,1.6799999475479126,0.9927201886599741,0.9855456026061574,0.8956790123488988,0.8110676355611477,855.8927465555199,21.839999318122864,49.13999846577644,2.519999921321869,False,False,1,810.8949511575047,21.597419207476776,49.88724192237919,2.5763149276746447
a00014_f1,0.41999998688697815,864.18359375,21.84000015258789,49.97999954223633,1.6799999475479126,0.9954954954955416,0.991031390134712,0.9558154645888299,0.915370255139056,858.891546368266,21.839999318122864,50.39999842643738,2.015999937057495,False,False,1,831.7733219857764,22.007846678050498,49.72071927153502,2.272639509794004
a00015_f0,0.41999998688697815,1497.8123779296875,29.81999969482422,65.94000244140625,4.788000106811523,0.9935719761750689,0.9872260635182559,0.9760860336779951,0.9532891100068189,1493.4023067475334,29.39999908208847,65.93999794125557,5.207999837398529,False,False,1,1376.8385771306066,29.810603273980593,59.72838708596197,5.741624345203448
a00015_f1,0.41999998688697815,1497.1068115234375,29.399999618530273,65.94000244140625,5.627999782562256,0.9941002949852855,0.9882697947215452,0.9271650832999151,0.8642197125291524,1492.8731067805782,29.39999908208847,66.35999792814255,6.0479998111724855,False,False,1,1432.8692159072402,30.157691935244948,61.83835265817902,5.261657490543286
a00015_f2,0.41999998688697815,1496.57763671875,29.81999969482422,65.5199966430664,4.368000030517578,0.9915757000475108,0.9832921520180811,0.9642172523967377,0.9309068476270541,1476.8207077829375,29.81999906897545,64.25999799370766,5.207999837398529,False,False,1,1390.943073556848,30.19305350424709,59.33593859965441,4.210442272659883
a00016_f0,0.41999998688697815,2148.022705078125,36.540000915527344,73.08000183105469,5.627999782562256,0.9941023631789743,0.9882738827389236,0.9589131875418719,0.9210693825605545,2129.1478670496963,36.95999884605408,73.49999770522118,5.627999824285507,False,False,1,1970.445391552661,36.623454280424255,69.0341917688861,6.608073434930233
a00016_f1,0.41999998688697815,2146.2587890625,36.959999084472656,73.5,6.4679999351501465,0.9933085501859013,0.9867060561300943,0.9782586506075507,0.9574425574434078,2124.3850673470993,36.95999884605408,72.23999774456024,6.887999784946441,False,False,1,1987.6920585474945,36.47661150736457,69.55000127392191,6.894452360124546
a00017_f0,0.41999998688697815,1126.4903564453125,24.780000686645508,59.63999938964844,6.300000190734863,0.9896712134353886,0.9795536132358428,0.9671097093943781,0.9363140676131665,1110.7907306389343,24.77999922633171,58.37999817728996,6.299999803304672,False,False,1,1066.1861641491778,24.571211061160966,57.043347382714956,6.623721274638754
a00017_f1,0.41999998688697815,1125.0792236328125,24.780000686645508,59.220001220703125,6.71999979019165,0.9955332654181057,0.9911062568264767,0.9879147440124377,0.9761181068177135,1125.9611296916496,24.77999922633171,59.6399981379509,6.71999979019165,False,False,1,1071.2808900166783,24.96373744050544,56.462722220918295,6.640715357332695
a00018_f0,0.41999998688697815,1304.47802734375,30.65999984741211,57.959999084472656,5.039999961853027,0.9942267200978454,0.9885197190709276,0.9671280276821348,0.9363484087119948,1292.659119282533,30.659999042749405,57.11999821662903,5.039999842643738,False,False,1,1251.9739267583682,29.337916672053897,54.38037427792926,4.626478722190841
a00018_f1,0.41999998688697815,1304.47802734375,31.079999923706055,57.540000915527344,5.208000183105469,0.9949135300102074,0.9898785425102581,0.9745575221242456,0.9503775620293857,1296.5399190402043,31.079999029636383,56.69999822974205,5.207999837398529,False,False,1,1317.193546808241,29.611309340112072,57.40985934884384,5.043091979744329
a00019_f0,0.41999998688697815,1113.436767578125,27.299999237060547,53.34000015258789,1.2599999904632568,0.9862837892036073,0.9729387561327276,0.9387113672095675,0.8845014807559476,1085.7419322030555,27.29999914765358,52.07999837398529,1.6799999475479126,False,False,1,1061.2137685223133,25.997840152281725,52.037869487755415,2.0901195238098467
a00019_f1,0.41999998688697815,1113.436767578125,27.299999237060547,53.34000015258789,1.4279999732971191,0.9910904360167856,0.9823382306973689,0.9220779220801221,0.8554216867545614,1123.8443298238287,27.719999134540558,52.91999834775925,1.6799999475479126,False,False,1,1079.8957093646386,26.692207533556967,50.856467363177444,1.8698220095454303
a00019_f2,0.41999998688697815,1114.4952392578125,27.719999313354492,53.7599983215332,0.9240000247955322,0.9819732818285694,0.9645849802377141,0.93859432799165,0.8842936803027746,1077.4511327207576,27.719999134540558,51.239998400211334,2.267999929189682,False,False,1,1089.2498480428621,26.77643134213139,51.459509242468584,2.415944655835233
a00020_f0,0.41999998688697815,886.7628173828125,23.100000381469727,51.65999984741211,5.627999782562256,0.9902600662718118,0.9807080350043614,0.973598553345707,0.9485553206495524,870.0047456743249,22.67999929189682,50.819998413324356,6.0479998111724855,False,False,1,906.5177166211142,22.901367627560433,51.39036228444934,5.864951836572246
a00020_f1,0.41999998688697815,886.4099731445312,23.100000381469727,51.2400016784668,5.627999782562256,0.9942150408937341,0.9884966283223225,0.9773056494449865,0.9556185080274877,882.1763449142942,23.099999278783798,51.239998400211334,4.9559998452663425,False,False,1,917.4940434019954,23.572594838622706,50.254873111312236,4.995539081240139
a00020_f2,0.41999998688697815,887.2919921875,22.68000030517578,51.2400016784668,6.047999858856201,0.9853815908863254,0.9711844197144042,0.9831047992166613,0.9667710089100223,862.4195461479673,22.67999929189682,49.9799984395504,5.963999813795089,False,False,1,868.1938094417928,22.37609582019786,50.33379858578974,5.989645715699311
a00021_f0,0.41999998688697815,1116.612060546875,26.8799991607666,55.02000045776367,1.8480000495910645,0.9910052075115117,0.9821707851113205,0.9242021276612544,0.8590852904878827,1119.0815301212322,26.8799991607666,54.17999830842018,2.267999929189682,False,False,1,1049.7214313466538,26.249084244675146,50.32616917564724,2.624674779291155
a00022_f0,0.41999998688697815,1640.52001953125,34.439998626708984,65.0999984741211,2.6040000915527344,0.9886968807738904,0.9776464266525777,0.9584575631095517,0.9202290076366325,1605.5926997420327,34.01999893784523,62.99999803304672,2.6879999160766603,False,False,1,1568.3698890135129,32.05085453886923,62.45897555895027,2.9547574911778156
a00022_f1,0.41999998688697815,1640.872802734375,34.02000045776367,64.68000030517578,2.940000057220459,0.9925389273356805,0.9851883653538136,0.957539158332562,0.918537291820473,1621.8214987286583,34.01999893784523,64.25999799370766,3.5279998898506166,False,False,1,1585.9603313356874,32.860173106946405,61.38572516235391,2.9771626505782507
a00023_f0,0.41999998688697815,1668.567626953125,31.920000076293945,64.68000030517578,5.460000038146973,0.9900821158153457,0.9803590285112951,0.9709201965214325,0.9434838709692004,1639.6378976161495,31.91999900341034,64.25999799370766,5.879999816417694,False,False,1,1578.509788839825,32.95711035290634,61.02450179281979,5.2324083829677015
a00024_f0,0.41999998688697815,1536.4439697265625,32.34000015258789,63.0,2.2679998874664307,0.9927808258735618,0.9856651376148433,0.9661855670110064,0.9345831671346396,1517.921905216457,32.33999899029732,62.159998059272766,2.267999929189682,False,False,1,1435.6916826451977,30.88129736555465,59.795240485128744,2.8075959919345053
a00024_f1,0.41999998688697815,1537.3260498046875,32.34000015258789,63.0,2.0999999046325684,0.9890479225822041,0.9783331422678169,0.9478476821202846,0.9008654602714058,1506.808705910398,32.33999899029732,61.73999807238579,2.0999999344348907,False,False,1,1404.666466672453,30.44770651203116,59.021066399063386,2.7453950125742352
a00024_f2,0.41999998688697815,1535.3856201171875,32.34000015258789,63.0,2.2679998874664307,0.9885177453027806,0.9772961816308073,0.9574160952732332,0.9183108342015123,1506.4559059324279,32.33999899029732,62.159998059272766,2.267999929189682,False,False,1,1337.0305445169834,30.226829964732957,56.36024839790707,3.2176654912082228
a00025_f0,0.41999998688697815,1368.51123046875,29.399999618530273,58.380001068115234,6.71999979019165,0.9949696891526185,0.9899897330596767,0.9821702453989439,0.9649651535135625,1366.7471146562589,29.39999908208847,59.6399981379509,6.551999795436859,False,False,1,1263.739907815263,28.7757019369227,57.25927404193959,6.398851850536744
a00026_f0,0.41999998688697815,1295.30517578125,30.239999771118164,57.540000915527344,3.947999954223633,0.9898421413864802,0.9798885718170962,0.9655887947438079,0.9334670678725019,1274.8427203950419,30.239999055862427,56.27999824285507,3.5279998898506166,False,False,1,1243.1466396781816,28.584717537870063,56.318543078981634,4.7169074881408175
a00026_f1,0.41999998688697815,1293.7176513671875,30.239999771118164,57.540000915527344,4.368000030517578,0.9936331895666897,0.9873469387756824,0.971493359248923,0.9445669291356041,1282.9571198883546,30.239999055862427,56.69999822974205,4.787999850511551,False,False,1,1265.8260288337697,29.112257622448865,55.23260247016367,4.33155950100786
a00026_f2,0.41999998688697815,1294.599609375,30.239999771118164,57.540000915527344,4.368000030517578,0.9881542699725334,0.9765858970871687,0.9550406628823839,0.9139500734239662,1266.728320901729,30.239999055862427,56.27999824285507,5.039999842643738,False,False,1,1241.9423617638058,28.350966278233443,56.36102308538386,4.10362968063091
a00027_f0,0.41999998688697815,2081.167236328125,38.220001220703125,70.9800033569336,6.047999858856201,0.9908962687524431,0.981956797967116,0.9711464618763451,0.9439112817243781,2046.063472237732,37.79999881982803,71.39999777078629,6.71999979019165,False,False,1,1956.3426955602263,36.52564880668422,68.44020045626189,7.383282557237948
a00028_f0,0.41999998688697815,1231.0955810546875,24.780000686645508,60.47999954223633,7.308000087738037,0.9927017744705731,0.9855093052992541,0.9756319744935592,0.9524232992451662,1234.2707229284774,24.77999922633171,60.059998124837875,7.559999763965607,False,False,1,1158.7196609177772,26.138223356368684,57.17626708533663,6.865783368367033
a00028_f1,0.41999998688697815,1233.7415771484375,25.200000762939453,61.31999969482422,7.559999942779541,0.9926986399427867,0.9855031267767836,0.9924153402415082,0.984944868532974,1230.5663231597912,25.19999921321869,61.31999808549881,7.559999763965607,False,False,1,1124.7023693466836,25.81349273893477,56.60862341908006,7.060863203021967
a00029_f0,0.41999998688697815,1673.859619140625,33.599998474121094,67.19999694824219,8.484000205993652,0.9967862599441716,0.9935931099675077,0.9942411623992714,0.9885482734321961,1674.3886954462068,33.179998964071274,67.61999788880348,8.819999724626541,False,False,1,1581.8615403807726,31.72398149296444,64.97999948844699,7.168222445514118
a00029_f1,0.41999998688697815,1671.7427978515625,33.599998474121094,66.77999877929688,7.559999942779541,0.993583284721888,0.987248392876096,0.9914040114614001,0.9829545454548683,1654.63189667988,33.179998964071274,66.35999792814255,7.89599975347519,False,False,1,1662.2151824051034,33.12056116061984,64.12867296129502,6.891982539453579
a00029_f2,0.41999998688697815,1673.3304443359375,33.18000030517578,67.19999694824219,8.567999839782715,0.9894546229229364,0.9791293348795285,0.9854102778553535,0.9712401538748628,1638.7558976712244,33.179998964071274,65.51999795436859,8.567999732494354,False,False,1,1568.9475608197044,31.743457050562938,63.01742885909135,7.296195393021378
a00030_f0,0.41999998688697815,1040.9364013671875,26.040000915527344,47.040000915527344,5.627999782562256,0.9912117627176676,0.9825766460046478,0.96560473639744,0.9334968656327747,1046.5811346483717,26.039999186992645,48.719998478889465,5.795999819040299,False,False,1,1022.1273817616166,25.691995988898242,49.5589448386479,4.892452318589179
a00031_f0,0.41999998688697815,1446.3035888671875,29.399999618530273,60.900001525878906,4.788000106811523,0.9937941104892078,0.987664772040299,0.9775580068469943,0.9561011904772793,1453.0067092699542,29.39999908208847,61.31999808549881,5.039999842643738,False,False,1,1333.2772273078244,29.46807645117586,58.813661922495214,4.784910312943371
a00032_f0,0.41999998688697815,1282.9571533203125,28.559999465942383,57.959999084472656,4.619999885559082,0.9855799373041757,0.9715698393081779,0.9813363727029301,0.9633566433576684,1249.2647219922078,28.559999108314514,56.27999824285507,4.451999861001968,False,False,1,1171.4568726194047,27.362189399145905,54.685944438289084,5.175094120220702
a00032_f1,0.41999998688697815,1282.78076171875,28.559999465942383,58.380001068115234,4.788000106811523,0.9911946197046995,0.9825429553267004,0.9728894507659378,0.9472100656469582,1261.436321232177,28.139999121427536,57.53999820351601,4.871999847888946,False,False,1,1183.86115019695,27.4127288839436,54.716216809412344,5.248900544938174
a00033_f0,0.41999998688697815,868.0643920898438,22.68000030517578,48.720001220703125,2.687999963760376,0.9856055932553403,0.9716197040346317,0.9539207760720712,0.911901081919942,847.601947073222,22.67999929189682,47.45999851822853,3.1079999029636385,False,False,1,835.1928338042635,22.258580233081943,48.396907005734874,3.376771171952157
a00033_f1,0.41999998688697815,868.4171752929688,22.68000030517578,49.13999938964844,3.1080000400543213,0.9883244571897959,0.9769184045357984,0.9479934479945128,0.9011288439119841,853.9523466766842,22.67999929189682,47.87999850511551,3.5279998898506166,False,False,1,882.2410531758505,23.18665316275826,48.4204818251701,3.523839933720467
a00033_f2,0.41999998688697815,866.476806640625,22.260000228881836,49.13999938964844,3.1080000400543213,0.9947208121827947,0.9894970712989397,0.9587337478809359,0.9207383279073204,871.0631456082352,22.67999929189682,49.55999845266342,3.1079999029636385,False,False,1,851.1064849746108,22.588014250958054,49.00226178004482,3.5113994040888628
a00034_f0,0.41999998688697815,1199.6964111328125,25.200000762939453,58.79999923706055,1.8480000495910645,0.9939528023599266,0.9879783023018915,0.9622587150687911,0.9272626318752214,1192.2875255500328,25.19999921321869,58.37999817728996,1.847999942302704,False,False,1,1074.7484428131866,25.093064810885778,54.85951703469755,2.267767335561132
a00034_f1,0.41999998688697815,1199.6964111328125,25.6200008392334,58.380001068115234,1.8480000495910645,0.9947805631111168,0.9896153283605439,0.9458408914240518,0.8972468043315022,1199.8727250763905,25.619999200105667,58.79999816417694,2.267999929189682,False,False,1,1113.2740868083856,25.663096774397246,55.8411217580267,2.474621968744998
a00034_f2,0.41999998688697815,1199.6964111328125,25.200000762939453,58.79999923706055,1.8480000495910645,0.9898235595578753,0.9798521524861595,0.9519098653489445,0.9082328264337581,1209.751124459554,26.039999186992645,58.37999817728996,1.847999942302704,False,False,1,1076.9399760603264,25.730490277435024,53.807438913019155,2.284725181503916
a00035_f0,0.41999998688697815,1817.44921875,34.439998626708984,63.84000015258789,2.5199999809265137,0.9958187475690596,0.9916723152900971,0.7543640897806657,0.6056056056187653,1810.7458869316595,34.43999892473221,63.4199980199337,5.879999816417694,False,False,1,1651.2486932165993,33.98474978167201,61.87470547809903,3.8719795140685562
a00036_f0,0.41999998688697815,879.001220703125,23.100000381469727,50.81999969482422,1.4279999732971191,0.9903914230809103,0.9809657383293735,0.9146796897467774,0.8427739544815895,865.0655459827432,22.67999929189682,50.39999842643738,2.519999921321869,False,False,1,913.4630127246201,23.330988674548394,50.35863904520306,3.0718788429117723
a00037_f0,0.41999998688697815,1254.2039794921875,26.8799991607666,57.959999084472656,5.880000114440918,0.9938831470154406,0.9878406708597087,0.9797087610410634,0.960224613945713,1254.7331216507448,27.29999914765358,58.37999817728996,6.299999803304672,False,False,1,1172.7103054095933,27.163475515858096,55.18591069516765,5.645961288946189
a00037_f1,0.41999998688697815,1253.4984130859375,26.8799991607666,57.959999084472656,5.039999961853027,0.9954992967651513,0.991038924671086,0.9833427442125445,0.9672313246329567,1254.9095216397297,26.8799991607666,58.79999816417694,5.375999832153321,False,False,1,1175.0918850601447,27.186611686337955,55.315680567314416,4.458391020653632
a00037_f2,0.41999998688697815,1254.027587890625,26.8799991607666,57.959999084472656,5.460000038146973,0.9898459135128179,0.9798959651345438,0.9684666395998313,0.93886119128998,1230.213523181821,26.8799991607666,57.53999820351601,6.3839998006820675,False,False,1,1142.2958666162667,26.35514431046866,55.33957551921469,5.675930095351703
a00038_f0,0.41999998688697815,1231.624755859375,26.040000915527344,57.119998931884766,6.300000190734863,0.990635355136215,0.9814444761635535,0.9711958103000989,0.9440045248884614,1217.1599239969266,25.619999200105667,56.69999822974205,6.299999803304672,False,False,1,1124.0096352072287,26.085105186495895,54.820954721717726,5.551327582901486
a00038_f1,0.41999998688697815,1231.0955810546875,26.040000915527344,57.119998931884766,5.627999782562256,0.9875696528076328,0.9754445385270188,0.9691323692996505,0.9401132991653598,1238.1515226861488,26.039999186992645,58.37999817728996,5.879999816417694,False,False,1,1120.6198126249292,26.351066582562964,54.55963605012164,5.271241753624807
a00038_f2,0.41999998688697815,1230.3900146484375,26.040000915527344,57.119998931884766,6.047999858856201,0.9954148158762329,0.9908714876623752,0.9788695192818427,0.9586135540621156,1231.8011230826867,26.039999186992645,58.37999817728996,6.467999798059464,False,False,1,1157.6113657012247,26.633590587743527,55.05326500773731,5.820945520687673
a00039_f0,0.41999998688697815,2088.399658203125,36.540000915527344,66.77999877929688,2.687999963760376,0.9939832540918333,0.988038477624525,0.9030470914149804,0.823232323239763,2104.0990686138175,36.5399988591671,68.03999787569046,5.207999837398529,False,True,1,1852.1962077363642,35.791986333164516,67.22360278648898,2.9944479384796807
a00039_f1,0.41999998688697815,2089.4580078125,36.540000915527344,66.77999877929688,2.687999963760376,0.9923308334392935,0.9847784038349611,0.9092273068289766,0.83356258597737,2073.758270508387,36.95999884605408,67.1999979019165,2.6879999160766603,False,False,1,1905.0531504311657,36.50804083875289,66.93179377244007,2.335690980007911
a00040_f0,0.41999998688697815,1218.9239501953125,26.040000915527344,57.959999084472656,2.0999999046325684,0.9914269107818118,0.9829995677858666,0.9481967213126077,0.901496259355715,1209.0455245036137,26.459999173879623,57.53999820351601,2.267999929189682,False,False,1,1151.0256931540353,27.0460802064307,54.46819108005684,2.385159628529891
a00041_f0,0.41999998688697815,1474.88037109375,31.5,63.84000015258789,3.5280001163482666,0.9946549756771687,0.9893667861411067,0.9112285336867737,0.83693278330898,1462.3559086861624,31.49999901652336,63.4199980199337,6.887999784946441,False,False,1,1394.4452895291874,29.613232747483266,62.93667999446893,5.6470106051318325
a00041_f1,0.41999998688697815,1475.762451171875,31.5,63.84000015258789,3.5280001163482666,0.9842792109257403,0.969045057966188,0.9424054982825786,0.8910839615312949,1430.4275106798664,31.079999029636383,63.4199980199337,4.61999985575676,False,False,1,1394.3007392333475,29.95264854573429,60.84717818694682,4.469298789351221
a00041_f2,0.41999998688697815,1475.233154296875,31.5,63.84000015258789,3.444000005722046,0.9894381073088935,0.9790969899668048,0.926178153092806,0.8625063419618847,1447.5383096114172,31.49999901652336,62.579998046159744,3.947999876737595,False,False,1,1409.7182523315225,30.315363057190623,60.328750828664646,4.650450167480104
a00042_f0,0.41999998688697815,1015.1820068359375,25.200000762939453,52.91999816894531,4.368000030517578,0.9908208759507753,0.9818087318090469,0.9769487946511183,0.9549363605106661,1002.6575373910914,25.619999200105667,52.07999837398529,3.947999876737595,False,False,1,971.1422726190794,24.47789957326529,49.88345823789564,3.879400180866355
a00042_f1,0.41999998688697815,1014.1235961914062,24.780000686645508,52.5,3.7799999713897705,0.9923891173126377,0.9848932106271072,0.9654036243827775,0.9331210191104101,1002.3047374131213,24.77999922633171,52.07999837398529,3.7799998819828033,False,False,1,983.1683984394185,24.82970181286413,49.65729168267171,3.774215441443225
a00042_f2,0.41999998688697815,1013.4180297851562,24.780000686645508,52.5,4.199999809265137,0.9936361258827161,0.9873527373529565,0.9777010502089238,0.9563748944566176,1010.066336928464,25.19999921321869,52.91999834775925,4.367999863624573,False,False,1,962.6425928052195,24.824706717600122,48.360007396255696,4.064668676745839
a00043_f0,0.41999998688697815,1481.5836181640625,32.7599983215332,57.540000915527344,2.940000057220459,0.9946894206098533,0.9894349477684066,0.8939870490306385,0.808297089333948,1474.7039079151168,32.759998977184296,57.53999820351601,4.1999998688697815,False,False,1,1342.2577139347723,30.64238273616818,56.3330416880641,3.502859569999572
a00043_f1,0.41999998688697815,1483.5240478515625,33.18000030517578,57.540000915527344,2.687999963760376,0.9951834453232136,0.9904130666352182,0.9299471620942569,0.8690665817180928,1482.9947073974147,33.179998964071274,57.959998190402985,3.947999876737595,False,False,1,1407.5795961434098,31.360269190944763,57.494068249818156,3.987444107235632
a00043_f2,0.41999998688697815,1483.700439453125,33.18000030517578,57.540000915527344,2.5199999809265137,0.9915715225058785,0.9832839359812295,0.8654277475189774,0.7627788760304214,1467.295108377744,33.179998964071274,56.69999822974205,3.359999895095825,False,False,1,1312.7555133179885,30.381157738341464,54.524028551522065,4.031639533665306
a00044_f0,0.41999998688697815,958.5576171875,25.200000762939453,49.97999954223633,3.947999954223633,0.9943856419696789,0.9888339740071603,0.9640353550752204,0.9305678140650024,958.0283401778707,25.19999921321869,50.39999842643738,4.367999863624573,False,False,1,989.8625491913408,24.667990317663055,50.6113253076544,4.244174813992316
a00044_f1,0.41999998688697815,957.8519897460938,25.6200008392334,50.400001525878906,3.947999954223633,0.9865821841223762,0.9735196763520868,0.9566492829211759,0.9169009684499563,935.2727415987978,25.19999921321869,48.29999849200249,4.9559998452663425,False,False,1,928.7682771843247,24.01473333607379,49.13015097736138,4.294347903764791
a00045_f0,0.41999998688697815,1237.798828125,28.979999542236328,52.08000183105469,2.0999999046325684,0.992334694462409,0.9847860088158,0.9229277750866959,0.8568856885752978,1224.5687235342991,28.979999095201492,51.65999838709831,2.7719999134540556,False,False,1,1238.822962684968,29.151623709956027,53.46030530122164,2.8315255980801624
a00046_f0,0.41999998688697815,1559.1995849609375,30.65999984741211,64.26000213623047,3.5280001163482666,0.9915679124886533,0.983276836158381,0.9473899692948333,0.9000388953753388,1536.9731040268437,30.239999055862427,64.25999799370766,3.947999876737595,False,False,1,1429.8529599038611,30.508952710974015,59.73934929634582,3.3702137503908034
a00046_f1,0.41999998688697815,1560.4344482421875,30.65999984741211,63.84000015258789,3.947999954223633,0.9913419913420407,0.982832618025945,0.9234118345552461,0.857720588240525,1536.4439040598884,30.659999042749405,63.4199980199337,4.367999863624573,False,False,1,1377.4369883902345,30.311293328751148,58.444985546560645,3.771380094464945
a00046_f2,0.41999998688697815,1559.3759765625,30.239999771118164,63.41999816894531,3.359999895095825,0.9934655378146857,0.9870159196117533,0.9400394477329381,0.8868626721292571,1545.0875035201564,30.239999055862427,62.579998046159744,3.7799998819828033,False,False,1,1306.8047625120016,30.22600023438404,55.29385944510375,3.034674189059345
a00047_f0,0.41999998688697815,1119.963623046875,27.299999237060547,48.29999923706055,2.0999999046325684,0.9895361549274595,0.979289026275436,0.9546879452848479,0.9133042530036366,1139.0147288765443,28.139999121427536,49.13999846577644,1.9319999396800993,False,False,1,1150.794399446262,27.683650806152798,52.31700100802368,2.1608198093140345
a00047_f1,0.41999998688697815,1121.7275390625,27.719999313354492,48.29999923706055,1.2599999904632568,0.9913813552621856,0.9829100031360472,0.9541436464101065,0.9123085050231216,1109.2031307380687,28.139999121427536,47.45999851822853,2.0999999344348907,False,False,1,1126.5182212634027,27.72778471837475,50.57571698183915,2.3736690024179268
a00048_f0,0.41999998688697815,928.7459716796875,23.100000381469727,52.08000183105469,2.940000057220459,0.9905453156337451,0.9812677388839873,0.938582677166736,0.8842729970375467,918.3383426562318,23.099999278783798,51.239998400211334,3.359999895095825,False,False,1,874.1920939060146,22.54947567966184,49.75680324636164,3.6419076129788834
a00049_f0,0.41999998688697815,2013.253173828125,36.959999084472656,72.23999786376953,6.047999858856201,0.9894625922023645,0.9791449426487735,0.9636027143742175,0.9297619047632983,2004.4330748372574,37.379998832941055,70.97999778389931,5.627999824285507,False,False,1,1880.1605566506114,32.680684797937715,78.76100724764319,6.385057329930163
a00049_f1,0.41999998688697815,2008.666748046875,37.380001068115234,71.4000015258789,6.4679999351501465,0.9924566588733845,0.9850262697024078,0.9690958446442984,0.9400445614757941,1990.1446757294675,37.379998832941055,70.13999781012535,6.71999979019165,False,True,1,1921.7330309378303,36.657654284076955,66.5780486393844,6.299548013986836
a00049_f2,0.41999998688697815,2014.6644287109375,37.380001068115234,72.23999786376953,6.047999858856201,0.9913496336835054,0.9828476415508633,0.9771053958650822,0.9552356537180983,1982.2066762251397,36.5399988591671,71.81999775767326,7.643999761343002,False,False,1,1971.2049154448468,36.46068856985346,69.36226550438596,6.364447558509752
a00050_f0,0.41999998688697815,1234.4471435546875,27.719999313354492,58.380001068115234,2.5199999809265137,0.9916135044083463,0.9833665055447346,0.9726521093921422,0.9467602146121848,1226.5091234131348,27.719999134540558,57.53999820351601,2.519999921321869,False,False,1,1198.9033142040207,27.88201928391703,55.08608313509103,2.720539104477126
a00051_f0,0.41999998688697815,1067.57275390625,25.6200008392334,52.5,2.5199999809265137,0.9889231281753234,0.9780889621090925,0.928276999177076,0.866153846158994,1050.4619344060432,26.039999186992645,51.239998400211334,2.7719999134540556,False,False,1,1028.4281611627448,25.623826537637115,50.71195526693282,3.3788310643756603
a00052_f0,0.41999998688697815,1620.0576171875,33.18000030517578,68.04000091552734,3.1080000400543213,0.9886394819165324,0.9775341871068207,0.9609050551344565,0.9247519294397808,1594.1267004580036,32.759998977184296,66.35999792814255,3.359999895095825,False,False,1,1443.5013234559674,30.969430913244146,60.486395309758024,3.809766078325076
a00053_f0,0.41999998688697815,1827.32763671875,34.439998626708984,70.55999755859375,7.139999866485596,0.9931347901760146,0.9863631998464769,0.9823947086860967,0.9653985853571898,1821.3298862707632,34.43999892473221,70.13999781012535,7.1399997770786285,False,False,1,1853.8610989305962,34.54969208480094,68.86399545324275,7.226256794490524
a00053_f1,0.41999998688697815,1827.8568115234375,34.86000061035156,70.55999755859375,7.980000019073486,0.9939935610975253,0.9880588460069922,0.9828986338016347,0.9663723464218228,1843.203484904911,35.279998898506165,70.97999778389931,7.979999750852585,False,True,1,1747.9805038477498,33.693756341630916,66.80238663436546,7.702917164807445
a00054_f0,0.41999998688697815,962.4384155273438,25.6200008392334,49.97999954223633,3.5280001163482666,0.9916043915491134,0.9833485818850256,0.9242757242772373,0.8592124814316786,949.5611407065877,25.619999200105667,49.55999845266342,3.947999876737595,False,False,1,965.0046296153087,24.584635879649625,49.27447860451116,3.7121682894756134
a00055_f0,0.41999998688697815,2033.1864013671875,38.220001220703125,70.9800033569336,2.5199999809265137,0.9922345345083665,0.984588744588878,0.9553093964867206,0.9144424131658339,2010.2542744737646,38.63999879360199,69.71999782323837,2.267999929189682,False,False,1,1950.0293434513515,36.887514946178385,68.1021852428164,2.8247899727590067
a00055_f1,0.41999998688697815,2033.36279296875,38.220001220703125,70.55999755859375,2.687999963760376,0.9947512254370592,0.9895572624493868,0.9674365770547626,0.9369270260382498,2033.1862730418225,38.63999879360199,70.13999781012535,2.8559999108314513,False,False,1,1789.574417910284,35.59868380307938,64.04268513301815,2.7188397915676035
a00056_f0,0.41999998688697815,1927.346435546875,36.959999084472656,70.13999938964844,7.139999866485596,0.9941942857143122,0.988455594946019,0.9819663779930518,0.9645716573265698,1931.4034793974417,36.95999884605408,69.71999782323837,6.71999979019165,False,False,1,1866.3229021604275,35.72025283400711,66.3586714567881,6.909104881174642
a00057_f0,0.41999998688697815,1684.443603515625,31.5,66.36000061035156,6.047999858856201,0.9911364355809268,0.9824286162537137,0.9630234457020527,0.9286839145122906,1659.0418964045064,31.91999900341034,65.93999794125557,6.0479998111724855,False,False,1,1515.2930452487471,31.397149872866862,61.53910997389599,6.416295674224486
a00057_f1,0.41999998688697815,1683.208740234375,31.920000076293945,66.77999877929688,6.888000011444092,0.9921965622693651,0.984513968818829,0.9797168814707403,0.9602402153663234,1662.3934961952225,31.91999900341034,66.35999792814255,7.643999761343002,False,False,1,1553.9645105964246,31.73886107152427,62.984411786368526,6.442492818913763
a00057_f2,0.41999998688697815,1682.85595703125,31.5,66.36000061035156,6.888000011444092,0.9952721159907792,0.9905887273869017,0.9860423232779599,0.9724689165192614,1675.094295402147,31.49999901652336,66.35999792814255,6.71999979019165,False,False,1,1528.4313042701087,31.825876979504727,61.174491711244144,6.880626370760382
a00058_f0,0.41999998688697815,1461.8267822265625,29.399999618530273,59.63999938964844,7.559999942779541,0.9951007076755876,0.9902491874324034,0.9727417429370002,0.946930079412223,1454.5943091708198,29.39999908208847,60.89999809861183,7.979999750852585,False,False,1,1359.6019738163159,29.268798176976702,60.07887539336566,6.805660638205524
a00058_f1,0.41999998688697815,1463.0616455078125,29.399999618530273,59.63999938964844,8.14799976348877,0.994563904324749,0.9891865913734328,0.9743320008418438,0.9499487179497447,1457.4167089945806,29.39999908208847,60.47999811172485,8.06399974822998,False,False,1,1343.1958474777966,29.513896072344185,57.73594342384871,7.525547327081483
a00059_f0,0.41999998688697815,1621.6451416015625,32.7599983215332,63.0,4.788000106811523,0.9903978052126727,0.980978260869772,0.9623724489801918,0.9274738783058551,1593.2447005130784,32.759998977184296,61.31999808549881,5.459999829530716,False,False,1,1526.7602370089135,32.487820810018576,59.88074480584535,4.709743728659237
a00059_f1,0.41999998688697815,1621.998046875,33.18000030517578,62.58000183105469,4.619999885559082,0.9898542903400439,0.9799123838019028,0.9419926199270554,0.8903459821459166,1646.6938971755521,33.179998964071274,62.99999803304672,5.459999829530716,False,False,1,1340.3043507842476,29.275587795354816,60.10420672772882,5.296173413219812
a00060_f0,0.41999998688697815,856.24560546875,22.68000030517578,49.560001373291016,6.300000190734863,0.989195927695936,0.9786228160333273,0.9727354664266253,0.9469181838134039,841.780747436715,22.67999929189682,48.29999849200249,6.467999798059464,False,False,1,872.8969285490602,22.748337267379497,49.1518761425541,5.742705606946032
a00060_f1,0.41999998688697815,855.0108032226562,22.68000030517578,49.560001373291016,6.383999824523926,0.9946236559140341,0.9893048128344446,0.9788563190776206,0.9585882352950921,851.1299468529232,22.259999305009842,49.55999845266342,6.299999803304672,False,False,1,872.959350940153,22.524519630616908,50.56801064063916,6.250431362590405
a00060_f2,0.41999998688697815,854.6580200195312,22.260000228881836,49.560001373291016,6.300000190734863,0.9918749357195117,0.9838808406450953,0.9813256720707847,0.9633360193399811,860.4791462691315,22.67999929189682,49.55999845266342,5.963999813795089,False,False,1,890.6148735679526,22.97411191641379,50.06954288495035,5.9478637880165195
a00061_f0,0.41999998688697815,1715.6663818359375,30.239999771118164,67.62000274658203,2.5199999809265137,0.9931601954230231,0.9864133210748145,0.9448860625345817,0.8955298844854078,1714.4314929458158,30.239999055862427,66.77999791502953,3.0239999055862428,False,False,1,1551.7880756272716,31.700514487417337,62.80870973001652,2.610152662865289
a00062_f0,0.41999998688697815,1252.616455078125,25.6200008392334,63.41999816894531,3.7799999713897705,0.9949217096911065,0.989894736842247,0.9505813953497351,0.9058171745184966,1248.3827220472824,25.619999200105667,62.99999803304672,3.7799998819828033,False,False,1,1186.0552421004031,26.173223878033838,60.06475947493343,3.829844576061582
a00062_f1,0.41999998688697815,1252.2635498046875,26.040000915527344,63.41999816894531,3.5280001163482666,0.989948689112322,0.9800974251916479,0.9487226612764432,0.9024475524509634,1257.3791214855207,26.459999173879623,62.99999803304672,3.7799998819828033,False,False,1,1150.7042288685989,26.323856398215298,57.050898620976454,3.0727109769901517
a00063_f0,0.41999998688697815,965.6135864257812,24.780000686645508,51.65999984741211,3.1080000400543213,0.9934987638495238,0.9870815138284738,0.9765208110996706,0.9541188738284978,960.8507400016317,24.359999239444733,51.65999838709831,3.947999876737595,False,False,1,933.2945402026235,24.143523028046047,49.04754439314365,3.822705816883804
a00063_f1,0.41999998688697815,966.3192138671875,24.360000610351562,51.65999984741211,3.5280001163482666,0.9857670979668598,0.9719336613819586,0.9584211534784745,0.9201618837409801,942.3287411582003,24.359999239444733,49.9799984395504,3.5279998898506166,False,False,1,924.007323621423,23.362918543965918,51.03253773730739,3.902421722635978
a00063_f2,0.41999998688697815,965.2608032226562,24.780000686645508,51.2400016784668,3.5280001163482666,0.9903572412527288,0.9808986720032582,0.9545123726354711,0.9129829446601816,955.5587403320799,24.77999922633171,49.9799984395504,4.1999998688697815,False,False,1,970.314811990298,24.731043253190762,49.47417756709501,3.349800181905934
a00064_f0,0.41999998688697815,1127.3724365234375,27.719999313354492,54.18000030517578,3.7799999713897705,0.9935363289463941,0.9871556793564352,0.9827039492651671,0.9659960328714651,1137.7799289536488,28.139999121427536,55.439998269081116,3.359999895095825,False,False,1,1099.5775995630756,27.009316659549683,51.62091225551899,3.9721929645924092
a00065_f0,0.41999998688697815,2046.5927734375,37.380001068115234,73.5,5.964000225067139,0.992763984574753,0.9856319366774015,0.9812790823505976,0.9632462290213885,2024.5426735815545,37.379998832941055,73.0799977183342,5.879999816417694,False,False,1,1929.4516588546612,35.59705191197048,69.69874954162265,6.178695468882097
a00066_f0,0.41999998688697815,1646.164794921875,34.02000045776367,57.959999084472656,2.2679998874664307,0.9923232754025358,0.9847635170883,0.8743855816528021,0.7768073750714796,1662.7462961731926,34.01999893784523,59.21999815106392,3.1919999003410338,False,False,1,1505.4390035789593,32.464495223606434,58.55096417897201,2.9036651024444495
a00067_f0,0.41999998688697815,1738.598388671875,32.7599983215332,72.66000366210938,3.5280001163482666,0.9934972566551844,0.9870785382597711,0.9745687355508702,0.9503988900468124,1733.6590917451877,33.179998964071274,71.81999775767326,3.1079999029636385,False,True,1,1615.171903887087,32.42074328589649,64.66469589488304,3.7720523815587796
a00067_f1,0.41999998688697815,1748.1240234375,32.7599983215332,73.91999816894531,3.5280001163482666,0.994965260296068,0.9899809638313798,0.9709211213656465,0.9434856175992052,1755.5326903793352,32.759998977184296,73.91999769210815,3.5279998898506166,False,True,1,1632.7876349977378,32.176831275684236,66.28386717078831,3.6704723048769807
a00068_f0,0.41999998688697815,1771.93798828125,36.540000915527344,63.0,7.308000087738037,0.9941561360571692,0.9883801767803319,0.9766637856527514,0.9543918918926623,1759.7662901149768,36.5399988591671,63.83999800682068,7.727999758720397,False,False,1,1707.7823368041427,34.65335773893764,62.76865822202325,6.640827881981025
a00068_f1,0.41999998688697815,1770.879638671875,36.119998931884766,63.84000015258789,7.308000087738037,0.9964632627646502,0.9929514543830741,0.9808297567956049,0.9623806850091263,1770.3502894540804,36.11999887228012,64.25999799370766,7.727999758720397,False,False,1,1688.9287454150035,34.17851285245524,62.879932999372386,6.641304919738033
a00069_f0,0.41999998688697815,1786.2264404296875,34.86000061035156,69.30000305175781,6.300000190734863,0.9952484656503898,0.9905418719212754,0.9800631662062765,0.9609057480170137,1777.759088991453,35.279998898506165,69.2999978363514,6.467999798059464,False,False,1,1717.5912104699164,33.404627634304774,66.71782616673056,6.293701023467904
a00070_f0,0.41999998688697815,1024.001953125,25.200000762939453,49.560001373291016,6.4679999351501465,0.9863347549831462,0.9730379529456803,0.9681913164619435,0.9383438343848257,1002.6575373910914,25.619999200105667,48.29999849200249,6.0479998111724855,False,False,1,972.8242362269884,24.257833686159927,51.12261159739592,5.473780577825885
a00071_f0,0.41999998688697815,1683.0323486328125,34.02000045776367,65.0999984741211,4.788000106811523,0.9934283160717448,0.9869424422857314,0.9631026124432656,0.9288311688330174,1672.271895578386,34.43999892473221,64.67999798059464,4.451999861001968,False,False,1,1606.6220214717687,33.826046657160134,60.97331606528388,5.180696095469887
a00072_f0,0.41999998688697815,1656.39599609375,34.02000045776367,65.0999984741211,3.7799999713897705,0.9920042929970915,0.9841354344124347,0.9514345247643623,0.9073677774409242,1630.8178981668966,34.01999893784523,64.67999798059464,4.115999871492386,False,False,1,1530.6155696098758,32.214897878473465,61.263241509247734,4.6075726591740285
a00072_f1,0.41999998688697815,1657.630859375,34.02000045776367,65.0999984741211,3.7799999713897705,0.9919579669740941,0.9840442506118068,0.9605638026696571,0.924120023083551,1632.5818980567471,34.01999893784523,64.25999799370766,4.61999985575676,False,False,1,1624.9288544756055,33.17537207468385,62.83874014055573,3.9800906095472968
a00072_f2,0.41999998688697815,1657.983642578125,34.439998626708984,65.0999984741211,3.5280001163482666,0.9936489299247817,0.9873780229106133,0.969203765757632,0.9402476780204257,1647.2230971425072,34.43999892473221,64.67999798059464,3.1079999029636385,False,False,1,1653.15546566197,33.64302001282516,62.86104125466005,4.398421641085424
a00073_f0,0.41999998688697815,1486.5228271484375,31.079999923706055,64.68000030517578,5.208000183105469,0.9942816297355594,0.9886282871358846,0.9737082761777125,0.9487636444653873,1474.8803079041018,31.079999029636383,64.67999798059464,5.459999829530716,False,False,1,1391.0033784392676,30.02825750058011,60.556579906435786,5.036366754609155
a00073_f1,0.41999998688697815,1486.8756103515625,31.079999923706055,64.26000213623047,5.039999961853027,0.9936336050455546,0.9873477592528397,0.9767387764599124,0.9545351216195832,1477.879107716848,31.079999029636383,63.4199980199337,5.039999842643738,False,False,1,1418.7710247904347,30.72289393533081,59.664779241633646,5.5241700451067075
a00074_f0,0.41999998688697815,2056.47119140625,38.220001220703125,66.77999877929688,3.359999895095825,0.9911886662059813,0.9825312553520934,0.9701195219128467,0.9419729206981956,2027.5414733943005,38.21999880671501,65.93999794125557,3.359999895095825,False,False,1,1808.1587768945901,36.0425410429869,64.06299245054913,3.26693114240382
a00074_f1,0.41999998688697815,2054.001708984375,38.63999938964844,66.77999877929688,3.359999895095825,0.9951035134438833,0.9902547444008356,0.9613935969874232,0.9256572982796719,2052.9430718081494,38.63999879360199,68.03999787569046,3.359999895095825,False,False,1,1951.1524171138517,37.376455463531045,67.47203881481778,3.462648457799503
a00075_f0,0.41999998688697815,1002.833984375,25.6200008392334,51.65999984741211,3.5280001163482666,0.9939961151333746,0.988063893277373,0.9533456108048903,0.9108504398853123,995.0723378647338,25.619999200105667,51.239998400211334,3.5279998898506166,False,False,1,1010.860250456295,24.901409028061096,52.001204807527074,4.511867346573727
a00075_f1,0.41999998688697815,1000.8936157226562,25.200000762939453,51.65999984741211,3.359999895095825,0.9921022273494357,0.984328226800769,0.8674225245673859,0.7658836091893785,986.9579383714208,25.19999921321869,51.239998400211334,6.299999803304672,False,False,1,1039.4664691870785,24.91144835816732,53.75655232735062,5.943569375404891
a00076_f0,0.41999998688697815,1600.653564453125,31.5,63.41999816894531,6.300000190734863,0.9910550586144171,0.9822687224671557,0.9626763200603835,0.9280385078236333,1574.3699016916767,31.49999901652336,62.99999803304672,7.1399997770786285,False,False,1,1456.2622330573936,31.51682731572876,58.2657161226233,5.825740930224015
a00077_f0,0.41999998688697815,2107.45068359375,36.959999084472656,71.4000015258789,6.047999858856201,0.9957389923970434,0.9915141430949125,0.9829588624771197,0.9664887940241945,2115.2122679198765,36.95999884605408,72.23999774456024,6.467999798059464,False,False,1,2017.3879560644127,37.03106651027895,71.17777311116856,5.937155708849772
a00077_f1,0.41999998688697815,2106.216064453125,36.959999084472656,71.4000015258789,6.047999858856201,0.9940759282436626,0.988221632382314,0.979420125071297,0.9596702317299539,2122.0918674902937,36.95999884605408,72.65999773144722,6.803999787569046,False,True,1,1979.256345141468,37.202680201879616,67.95306224641627,6.187640105625761
a00078_f0,0.41999998688697815,1659.2183837890625,36.119998931884766,63.41999816894531,3.359999895095825,0.9952611682019314,0.9905670376259611,0.968262806236522,0.9384781435526585,1653.7498967349545,36.11999887228012,63.4199980199337,3.7799998819828033,False,False,1,1693.1465138884887,33.70931016091501,64.44863998320966,3.6817884224241624
a00079_f0,0.41999998688697815,1298.4803466796875,29.81999969482422,52.5,2.940000057220459,0.9890139883999385,0.9782667386612005,0.9707971586430387,0.9432515337445072,1286.6615196570408,29.81999906897545,52.49999836087227,3.359999895095825,False,False,1,1215.4320134143782,28.77550002182445,53.04554804906479,2.989315312597867
a00079_f1,0.41999998688697815,1299.8916015625,29.81999969482422,53.7599983215332,2.5199999809265137,0.992562542258333,0.9852348993290573,0.9620689655180589,0.9269102990063576,1309.0643182581437,29.81999906897545,54.17999830842018,2.519999921321869,False,False,1,1234.161013681225,29.01304552828259,54.020266615532705,2.849859606168039
a00079_f2,0.41999998688697815,1298.1275634765625,30.239999771118164,52.5,2.940000057220459,0.9939599592806654,0.9879924446844578,0.9501390969409343,0.9050142682468401,1301.126318753816,29.81999906897545,52.91999834775925,2.939999908208847,False,False,1,1239.5759245060053,29.139865280274343,53.86137792451723,2.636895862018548
a00080_f0,0.41999998688697815,986.4287719726562,25.6200008392334,46.619998931884766,5.880000114440918,0.9926720285970271,0.9854506742373057,0.9854882991242582,0.9713917525780569,987.4871383383761,26.039999186992645,47.03999853134155,5.879999816417694,False,False,1,967.6843368411282,24.856017199776034,48.71767642685131,5.130777497354387
a00080_f1,0.41999998688697815,985.3704223632812,25.6200008392334,46.20000076293945,6.4679999351501465,0.9902929913617393,0.9807726230379119,0.9824384080861347,0.9654829898195808,995.4251378427039,25.619999200105667,47.87999850511551,6.887999784946441,False,False,1,959.1564676930575,25.035794346654313,48.141160872512955,5.742334418646351
a00081_f0,0.41999998688697815,2012.3712158203125,38.220001220703125,67.19999694824219,8.567999839782715,0.9949828360179782,0.990015764582326,0.9826321166528965,0.9658572211070685,1995.7894753769895,37.79999881982803,67.1999979019165,9.40799970626831,False,False,1,1931.4094279672427,36.445649573359674,67.20078238774659,7.825492028390698
a00081_f1,0.41999998688697815,2010.9599609375,37.79999923706055,67.19999694824219,8.399999618530273,0.9877945941148294,0.9758835394196625,0.9594481215627907,0.9220569790374116,1963.5082773927231,37.79999881982803,65.93999794125557,8.819999724626541,False,False,1,1852.1316237218343,35.56008923551963,65.91796155374698,7.957490116072535
a00082_f0,0.41999998688697815,1151.5391845703125,26.8799991607666,54.599998474121094,5.880000114440918,0.9911231184871392,0.9824024483552808,0.9798327594690134,0.9604628736750129,1133.7227292069922,26.8799991607666,53.7599983215332,5.879999816417694,False,False,1,1112.0448289088818,26.57073078218599,53.715292050456696,5.766268315986224
a00082_f1,0.41999998688697815,1153.30322265625,26.8799991607666,54.599998474121094,5.880000114440918,0.9947203305532579,0.9894961181307734,0.9830622546272231,0.9666887271130226,1152.0683280614387,27.29999914765358,55.439998269081116,5.879999816417694,False,False,1,1072.9632947722275,26.117589590339605,52.6649783798066,4.998019808696405
a00083_f0,0.41999998688697815,1434.6612548828125,29.81999969482422,60.900001525878906,7.308000087738037,0.9960561991619666,0.992143383255682,0.9734190782425143,0.9482146585936894,1427.9579108340754,29.81999906897545,60.89999809861183,7.307999771833419,False,False,1,1317.0219293475002,28.92561136249691,58.84245275034999,6.608409936076669
a00083_f1,0.41999998688697815,1434.4847412109375,29.81999969482422,60.900001525878906,7.308000087738037,0.9952513105149846,0.9905475079794924,0.98502713831195,0.9704960354053016,1425.8411109662547,29.39999908208847,60.89999809861183,8.06399974822998,False,False,1,1357.3087836098302,28.94954247993239,60.2370248120753,7.200029492241896
a00083_f2,0.41999998688697815,1433.25,29.399999618530273,60.900001525878906,7.728000164031982,0.9887012664515228,0.977655003069642,0.9680120223275224,0.9380070730198043,1408.2011120677485,29.39999908208847,59.6399981379509,8.06399974822998,False,False,1,1280.3681850767116,28.75982835326122,56.69183842042452,7.1866493102768345
a00084_f0,0.41999998688697815,1360.7496337890625,32.34000015258789,56.279998779296875,7.223999977111816,0.9877043819490667,0.97570745574395,0.9781492296850454,0.9572329523067159,1336.4063165508283,32.33999899029732,54.59999829530716,7.559999763965607,False,False,1,1285.4844168916734,30.01861000147106,53.710312625719325,6.6578289974654865
a00084_f1,0.41999998688697815,1360.0439453125,32.34000015258789,56.70000076293945,7.308000087738037,0.9921864826149747,0.9844941206876276,0.9775634717577488,0.9561116458141268,1349.1071157577528,32.33999899029732,55.859998255968094,6.803999787569046,False,False,1,1237.068728064898,29.35706696564198,53.50644325532528,6.588058947507449
a00085_f0,0.41999998688697815,1149.95166015625,26.459999084472656,55.86000061035156,2.2679998874664307,0.9881312543636015,0.9765409383628252,0.8280815570012029,0.7066034005651799,1124.020729812814,26.039999186992645,55.01999828219414,3.8639998793601986,False,False,1,1076.570647255925,25.633958432995314,53.75859348202118,3.4104299881839637
a00086_f0,0.41999998688697815,1031.4107666015625,26.040000915527344,55.02000045776367,6.4679999351501465,0.9923335343268814,0.9847837237137155,0.9788591942562938,0.9585937500008087,1016.4167365319262,26.039999186992645,54.17999830842018,6.887999784946441,False,False,1,1047.0070940310761,24.606874967131944,55.37833677756362,6.62609311304179
a00086_f1,0.41999998688697815,1031.587158203125,26.040000915527344,55.02000045776367,7.139999866485596,0.9913178028024472,0.9827850690304621,0.962169337252658,0.9270966563141404,1020.4739362785826,25.619999200105667,54.59999829530716,7.307999771833419,False,False,1,1048.1844288533248,25.036790280198716,54.799113332723095,6.289507096320833
a00087_f0,0.41999998688697815,1366.0416259765625,27.719999313354492,60.900001525878906,2.0999999046325684,0.9942002835417308,0.9884674525885639,0.9311163895505116,0.871111111117476,1371.3335143698705,27.719999134540558,61.31999808549881,2.435999923944473,False,False,1,1241.9589930298425,28.501950774928588,55.59796005682233,2.2309131292363418
a00087_f1,0.41999998688697815,1366.57080078125,27.719999313354492,60.900001525878906,2.2679998874664307,0.9871669598072623,0.9746591201443959,0.9281849483539552,0.8659935750405695,1341.34551624241,27.719999134540558,59.6399981379509,2.6879999160766603,False,False,1,1235.2977629205725,28.294476904739327,55.227160218257836,2.215275779113682
a00087_f2,0.41999998688697815,1367.9820556640625,27.719999313354492,61.31999969482422,2.0999999046325684,0.9926220568422877,0.9853521844352904,0.9524804177558099,0.9092721834541738,1381.564713731004,28.139999121427536,61.31999808549881,2.015999937057495,False,False,1,1314.4983663289404,29.644862958324666,56.70641851025067,2.1171964825132363
a00088_f0,0.41999998688697815,1550.02685546875,33.599998474121094,58.380001068115234,6.4679999351501465,0.9947132056165385,0.9894820176431861,0.9879931389366563,0.9762711864411511,1553.0255030244844,33.59999895095825,60.059998124837875,6.467999798059464,False,False,1,1494.6632721444366,32.15419164350047,59.05150679837001,5.747946227882281
a00088_f1,0.41999998688697815,1548.08642578125,33.18000030517578,58.79999923706055,7.139999866485596,0.9937625178827253,0.9876023657872202,0.9744102359058936,0.9500974658879123,1534.5035041810527,33.179998964071274,58.79999816417694,7.1399997770786285,False,False,1,1490.9373116033175,32.06505501988602,58.28109985247477,6.7483417266647905
a00089_f0,0.41999998688697815,1418.07958984375,30.65999984741211,59.63999938964844,1.6799999475479126,0.9957060177982718,0.9914487544926082,0.9619283622446062,0.9266493055587391,1416.4919115500463,30.659999042749405,60.059998124837875,2.015999937057495,False,False,1,1334.1180491957593,29.831714008183045,57.30041871544336,2.521719494062978
a00090_f0,0.41999998688697815,1135.134033203125,26.459999084472656,57.119998931884766,5.627999782562256,0.9913111545988939,0.9827720006210962,0.9718024985131254,0.9451515852824542,1118.375930165292,26.459999173879623,56.27999824285507,6.0479998111724855,False,False,1,1115.9111791721589,25.654571343273176,56.35494098215577,5.908446546746404
a00090_f1,0.41999998688697815,1136.545166015625,26.459999084472656,56.70000076293945,5.460000038146973,0.9957327954069692,0.991501854141046,0.9847410272943827,0.96994072819708,1137.0743289977086,26.459999173879623,56.69999822974205,5.459999829530716,False,False,1,1173.196494223892,26.858902410517942,56.24768998863897,4.964687629824329
a00090_f2,0.41999998688697815,1135.839599609375,26.459999084472656,57.119998931884766,5.627999782562256,0.9949717645239037,0.989993842364686,0.9857246552143027,0.9718511450388394,1144.483128535081,26.459999173879623,57.11999821662903,5.795999819040299,False,False,1,1075.4238839651443,25.979741931349196,53.150052272942844,5.225806499866277
a00091_f0,0.41999998688697815,952.2072143554688,24.780000686645508,51.2400016784668,5.039999961853027,0.990844354018396,0.98185483871001,0.9712492153173728,0.9441054430084427,955.2059403541098,25.19999921321869,51.239998400211334,5.123999840021133,False,False,1,937.7300150365627,23.844127577216852,50.50444656118998,5.228716465943979
a00092_f0,0.41999998688697815,1748.82958984375,36.959999084472656,60.47999954223633,6.71999979019165,0.9958015074106136,0.9916381221036507,0.9806992389987791,0.9621294092196033,1738.4218914477842,36.95999884605408,60.47999811172485,6.971999782323838,False,False,1,1773.9737168759166,35.263641016602094,63.12412437728443,7.087043302134219
a00093_f0,0.41999998688697815,1221.2171630859375,28.139999389648438,59.220001220703125,1.6799999475479126,0.9924429588723118,0.9849992788116977,0.931168831170321,0.8712029161656054,1206.3995246688378,28.139999121427536,58.37999817728996,2.939999908208847,False,False,1,1173.7834852739834,27.387085452194185,54.917254620561266,2.809636454784197
a00093_f1,0.41999998688697815,1220.8643798828125,28.139999389648438,58.79999923706055,1.6799999475479126,0.9945914761664774,0.9892411418736302,0.9357642569443341,0.8792828685307058,1225.2743234902393,28.139999121427536,58.79999816417694,2.267999929189682,False,False,1,1154.9564950875501,26.944073013058556,55.18554134337012,2.8649100162818257
a00093_f2,0.41999998688697815,1221.5699462890625,28.139999389648438,59.220001220703125,1.2599999904632568,0.9945070829719969,0.9890741805636993,0.9463436721768996,0.8981521272067833,1219.1003238757621,28.139999121427536,58.37999817728996,2.0999999344348907,False,False,1,1208.69590952187,27.518816947868885,56.53133438400562,2.5469269224862785
a00094_f0,0.41999998688697815,1669.4495849609375,34.02000045776367,65.94000244140625,4.619999885559082,0.9922851822293574,0.9846884899684827,0.9565736101174351,0.9167619483211351,1645.988297219612,34.01999893784523,65.51999795436859,5.2919998347759245,False,False,1,1677.2119082052304,33.82928044137961,63.71435041097379,5.748951440127371
a00094_f1,0.41999998688697815,1671.213623046875,34.02000045776367,65.5199966430664,4.619999885559082,0.9955635364952172,0.9911662635398973,0.9497984609753292,0.9043963712513515,1668.743895798685,34.43999892473221,65.51999795436859,4.787999850511551,False,False,1,1685.9232506568733,34.12721398975708,63.70472989270888,5.7054303271888
a00095_f0,0.41999998688697815,2070.23046875,37.380001068115234,70.55999755859375,3.947999954223633,0.9930615041973914,0.9862186303701725,0.9592243325812296,0.9216436957651444,2048.3566720945378,37.379998832941055,70.97999778389931,4.367999863624573,False,False,1,1973.8488897118077,36.62338399939961,70.03732064399969,3.692830141941201
a00096_f0,0.41999998688697815,1981.501220703125,35.279998779296875,72.66000366210938,3.359999895095825,0.990973189024157,0.9821078867724576,0.9764002517310195,0.9538887181077809,1946.397478461172,35.279998898506165,72.23999774456024,3.8639998793601986,False,False,1,1799.809528426049,34.72132920340982,66.63929692855993,3.6062516034390626
a00096_f1,0.41999998688697815,1980.795654296875,35.279998779296875,73.08000183105469,3.359999895095825,0.9951058907279093,0.9902594527584321,0.9660769355629593,0.9343799058105375,1983.9706761149903,35.69999888539314,71.81999775767326,3.7799998819828033,False,False,1,1880.9556370425998,35.63589674854484,68.37358560541452,3.518598597585182
a00096_f2,0.41999998688697815,1982.3831787109375,35.279998779296875,72.66000366210938,3.947999954223633,0.9964843576164991,0.9929933481153614,0.958272446826461,0.9198877805511257,1981.5010762691993,35.279998898506165,73.0799977183342,4.283999866247177,False,True,1,1894.2269903070192,35.807140179137605,68.82070642991334,4.626083232023916
a00097_f0,0.41999998688697815,1115.5535888671875,23.940000534057617,57.959999084472656,7.308000087738037,0.9941677175284193,0.9884030716190503,0.9828129767112498,0.9662067586489461,1122.6095299009335,24.359999239444733,57.959998190402985,7.1399997770786285,False,False,1,1049.7154758535107,24.609235381057317,55.9519914065005,6.5201628382235555
a00097_f1,0.41999998688697815,1115.72998046875,24.360000610351562,57.540000915527344,6.300000190734863,0.9908505052113068,0.9818669189532976,0.9626115441097638,0.9279181184684687,1101.441531222726,24.359999239444733,57.53999820351601,6.635999792814255,False,False,1,1010.7090250452238,24.059874323953807,54.93350279078993,6.328937568773114
a00097_f2,0.41999998688697815,1113.436767578125,24.360000610351562,57.540000915527344,7.308000087738037,0.9913848117422512,0.9829167984817634,0.9821837364389152,0.9649911989054373,1097.9135314430248,24.359999239444733,57.959998190402985,7.727999758720397,False,False,1,1018.4607831498361,23.794680590948644,56.1275600743254,6.883075212259627
a00098_f0,0.41999998688697815,1320.706787109375,28.979999542236328,57.119998931884766,6.888000011444092,0.994714658459927,0.9894848928525292,0.9760619333811138,0.9532431356953195,1315.943917828561,28.979999095201492,57.11999821662903,6.887999784946441,False,False,1,1283.9815702543892,28.854819800486922,56.936175595098746,6.825607062520049
a00098_f1,0.41999998688697815,1321.412353515625,29.399999618530273,57.119998931884766,6.888000011444092,0.9929619947718147,0.9860223642174385,0.9410534570652065,0.8886694643325433,1310.2991181810391,29.39999908208847,56.27999824285507,6.971999782323838,False,False,1,1247.5374483135474,27.899740101461106,59.1034975101567,6.405001966247099
a00099_f0,0.41999998688697815,1311.8868408203125,28.559999465942383,59.220001220703125,3.359999895095825,0.9935734368724489,0.9872289477186746,0.979194731327957,0.9592375366580869,1323.1763173769486,28.559999108314514,60.059998124837875,3.5279998898506166,False,False,1,1266.6128928509588,28.73614479073573,56.977171783389394,3.838467552038807
a00099_f1,0.41999998688697815,1311.0047607421875,28.139999389648438,59.63999938964844,3.947999954223633,0.9956942949408255,0.9914255091105114,0.9828500155911623,0.9662783568373305,1311.0047181369794,28.559999108314514,59.21999815106392,3.947999876737595,False,False,1,1244.993460159245,28.306244405244314,56.804069252286524,3.629655657493103
a00100_f0,0.41999998688697815,1628.1719970703125,32.7599983215332,63.41999816894531,3.359999895095825,0.9952888937023052,0.9906219683088215,0.9660539824479872,0.9343369634870488,1629.406698255016,32.759998977184296,63.83999800682068,3.7799998819828033,False,False,1,1538.6611099855,32.248375073214135,61.66898759088403,3.8770226208710312
a00100_f1,0.41999998688697815,1627.4664306640625,32.7599983215332,63.84000015258789,2.940000057220459,0.9925312108161558,0.9851731601733207,0.9544988026008467,0.9129581151860943,1608.2386995768086,32.759998977184296,63.4199980199337,2.939999908208847,False,False,1,1519.7893433135832,31.897053658674167,61.3017663907184,3.5089095578448877
a00100_f2,0.41999998688697815,1628.701171875,32.7599983215332,63.84000015258789,3.0239999294281006,0.9918495979135413,0.9838309798427959,0.9709908735337192,0.9436173582532905,1617.764298982002,33.179998964071274,63.83999800682068,3.1079999029636385,False,False,1,1482.898708274336,31.381739472584286,61.01769360103563,3.9050853622457
a00101_f0,0.41999998688697815,933.5087890625,21.420000076293945,55.02000045776367,4.619999885559082,0.9886320575976826,0.9775196702889187,0.9422613136623313,0.8908261802604392,928.5695420173654,21.839999318122864,54.17999830842018,5.039999842643738,False,False,1,865.8732405098854,22.20480553558866,50.50810037281303,5.179787286094857
a00102_f0,0.41999998688697815,1735.7760009765625,33.18000030517578,65.0999984741211,4.199999809265137,0.9949326036282815,0.9899163053343761,0.9727923627689293,0.9470260223064738,1745.3014910182017,34.01999893784523,65.51999795436859,3.8639998793601986,False,False,1,1627.871970957407,33.488552034286386,62.766954364542926,3.829867581630573
a00102_f1,0.41999998688697815,1740.3624267578125,33.599998474121094,65.0999984741211,3.7799999713897705,0.994813383504552,0.9896802913801125,0.9733917143823949,0.9481627296604933,1728.719892053606,33.59999895095825,64.25999799370766,3.7799998819828033,False,False,1,1586.9129896647664,32.86855426198329,61.46894367936497,3.462514715579772
a00102_f2,0.41999998688697815,1739.1275634765625,33.599998474121094,65.0999984741211,3.7799999713897705,0.9947633331638885,0.9895812259762332,0.9770154373931901,0.9550637156286028,1730.4838919434565,33.59999895095825,65.09999796748161,3.7799998819828033,False,False,1,1582.929393387407,33.01371486157498,60.981379246644366,3.5471120335523665
a00103_f0,0.41999998688697815,1229.1551513671875,30.239999771118164,53.34000015258789,1.2599999904632568,0.992691315563251,0.9854886897142483,0.9093351242475038,0.8337438423747695,1232.683123027612,30.239999055862427,52.91999834775925,2.0999999344348907,False,False,1,1190.5305084514912,28.345059529515567,52.6094631088456,1.9758002026990766
a00103_f1,0.41999998688697815,1226.685546875,29.81999969482422,53.34000015258789,1.2599999904632568,0.9905128753834759,0.9812040700963651,0.8749562171672519,0.7777085927909273,1246.2659221794618,30.659999042749405,53.7599983215332,1.5959999501705169,False,False,1,1405.9834536731487,30.146019285553713,59.692055127387185,1.7297569535369348
a00103_f2,0.41999998688697815,1228.978759765625,29.81999969482422,53.34000015258789,1.2599999904632568,0.9902294275168978,0.9806479357800939,0.8902900378344801,0.8022727272839618,1208.3399245476735,29.81999906897545,52.07999837398529,2.0999999344348907,False,False,1,1165.3170679921968,27.89023016460152,52.73872879304031,1.9310678405931299
a00104_f0,0.41999998688697815,1252.616455078125,27.719999313354492,57.540000915527344,5.039999961853027,0.9887353878853082,0.9777217318204047,0.970427792133643,0.9425543781388022,1237.2695227412237,28.139999121427536,56.69999822974205,5.123999840021133,False,False,1,1155.7774708460202,26.74206649233551,55.064063067511256,5.542459651254433
a00104_f1,0.41999998688697815,1254.2039794921875,27.719999313354492,57.540000915527344,4.788000106811523,0.9952952742083049,0.9906346100085178,0.9830402010052914,0.9666460778268485,1257.9083214524758,27.719999134540558,57.53999820351601,4.703999853134155,False,False,1,1165.6136074359601,27.39211740214185,54.53156862237199,4.803283358978629
a00105_f0,0.41999998688697815,1011.1248168945312,25.200000762939453,50.81999969482422,5.039999961853027,0.9888115584530983,0.9778707091831701,0.9782844733987747,0.9574920297567086,991.1915381070623,25.19999921321869,50.39999842643738,5.207999837398529,False,False,1,930.3839363019069,23.660679818124436,49.94732838714344,5.48598515137553
a00105_f1,0.41999998688697815,1010.5955810546875,25.200000762939453,50.81999969482422,4.368000030517578,0.9927593125709434,0.9856227264856119,0.9556609035142825,0.9150867823787694,1011.4775368403444,25.19999921321869,52.07999837398529,4.787999850511551,False,False,1,964.0914098852663,24.386241117924953,49.78603787542443,4.848405720608901
a00105_f2,0.41999998688697815,1010.9484252929688,25.200000762939453,50.81999969482422,4.619999885559082,0.9910729914231483,0.9823039555867054,0.9730287779071748,0.9474742397600534,1004.597937269927,25.19999921321869,51.65999838709831,5.039999842643738,False,False,1,988.6710535298407,24.56955574304385,51.23559271387239,5.072508056494858
a00106_f0,0.41999998688697815,1895.770751953125,36.540000915527344,63.84000015258789,7.308000087738037,0.9930154591171866,0.9861278091187817,0.9824814509482432,0.9655661332800168,1892.5954818207283,36.5399988591671,66.35999792814255,7.307999771833419,False,False,1,1812.9386998060218,35.47195854478235,64.49412485054029,7.003398867677248
a00107_f0,0.41999998688697815,1438.189208984375,30.239999771118164,60.47999954223633,7.139999866485596,0.9936650470509031,0.9874098520964746,0.9486366518711833,0.9022919179754264,1429.898310712911,30.659999042749405,60.059998124837875,7.811999756097794,False,False,1,1412.7313906618128,30.376361129833043,59.43368933138461,7.034538395304764
a00108_f0,0.41999998688697815,2133.910888671875,39.060001373291016,70.9800033569336,7.980000019073486,0.9963545981773142,0.9927356777283083,0.9785488958992792,0.9579987646704139,2124.3850673470993,39.05999878048897,70.55999779701233,7.979999750852585,False,True,1,1946.1352008867398,36.71471333384403,67.72279104702807,8.017623574219584
a00108_f1,0.41999998688697815,2136.2041015625,39.060001373291016,71.4000015258789,7.980000019073486,0.9952414449456066,0.9905279631003169,0.9785815316227664,0.9580613254212055,2126.8546671928902,39.05999878048897,70.55999779701233,7.979999750852585,False,False,1,2062.4745683389483,37.60972046989957,70.18386190028764,7.848746963445734
a00108_f2,0.41999998688697815,2138.497314453125,39.47999954223633,71.4000015258789,7.308000087738037,0.995536083326463,0.9911118426467689,0.967606057567269,0.9372449970869002,2129.3242670386812,39.479998767375946,71.39999777078629,7.727999758720397,False,True,1,2017.5671061211106,37.5309657249627,68.66880316163974,7.774547447458104
a00109_f0,0.41999998688697815,1545.793212890625,31.920000076293945,61.7400016784668,3.0239999294281006,0.9935469133687765,0.9871765773946076,0.9728793998851148,0.9471910112379329,1543.1471036413209,32.33999899029732,61.31999808549881,2.519999921321869,False,False,1,1456.1855257542757,31.21916289225055,59.56998252291851,2.8970641729417395
a00110_f0,0.41999998688697815,862.0667724609375,23.100000381469727,51.2400016784668,2.2679998874664307,0.983735626230356,0.9679918450567178,0.9483419806012104,0.9017589017631163,840.7223475028046,23.519999265670776,49.13999846577644,2.3519999265670775,False,False,1,846.5044327917203,22.528133103786615,49.13382795102325,3.0666246331938396
a00110_f1,0.41999998688697815,861.0084228515625,22.68000030517578,50.81999969482422,2.687999963760376,0.9830367363931415,0.9666393778148457,0.9606242061339026,0.9242318435780645,834.0191479213722,22.67999929189682,49.13999846577644,3.1079999029636385,False,False,1,787.6642928819929,21.584509211778425,47.78104576517535,3.5423988719051636
a00110_f2,0.41999998688697815,861.890380859375,22.68000030517578,50.81999969482422,2.2679998874664307,0.9860953754250067,0.9725721251529343,0.9496944052668149,0.9042076991985584,850.7771468749531,22.67999929189682,49.55999845266342,2.6879999160766603,False,False,1,865.4292695247568,22.959264907109286,48.356514064473004,2.842184805312783
a00111_f0,0.41999998688697815,1567.31396484375,32.7599983215332,59.220001220703125,7.559999942779541,0.9951516518209768,0.9903500897667151,0.9789039211192513,0.9586795418828054,1561.6691024847523,32.759998977184296,59.21999815106392,7.979999750852585,False,False,1,1465.8529509435548,31.06220172293191,59.4795472729833,7.4990334684191
a00111_f1,0.41999998688697815,1568.7252197265625,33.18000030517578,59.220001220703125,7.308000087738037,0.9928291316527013,0.9857603737903464,0.9834264790905431,0.9673933649295281,1580.0147013391986,33.59999895095825,60.89999809861183,7.391999769210816,False,False,1,1489.1299242069454,31.815378537176514,58.99964471862032,7.237913585178518
a00112_f0,0.41999998688697815,950.0903930664062,23.100000381469727,52.5,6.300000190734863,0.9888587210936349,0.977962962963371,0.9832767813865332,0.9671036948756352,934.0379416759023,23.099999278783798,52.07999837398529,5.879999816417694,False,False,1,925.0512995120298,23.24580064459923,51.410415646769025,5.888175660469216
a00113_f0,0.41999998688697815,1920.2904052734375,33.599998474121094,71.4000015258789,5.039999961853027,0.9900679077932736,0.9803311682373037,0.9709031018395429,0.943451587091399,1898.2402814682503,34.01999893784523,70.97999778389931,5.459999829530716,False,False,1,1800.67854516254,34.691887739377194,66.60471724543277,4.606599630885558
a00114_f0,0.41999998688697815,1279.076416015625,29.81999969482422,55.02000045776367,1.6799999475479126,0.99084350721427,0.981853175694503,0.9373863341143833,0.8821515892478166,1263.9059210779678,29.81999906897545,53.7599983215332,2.0999999344348907,False,False,1,1198.3683785754765,28.64562075969873,52.841327525618,2.1412684132670563
a00115_f0,0.41999998688697815,1187.8775634765625,26.459999084472656,55.02000045776367,5.208000183105469,0.9923036688336524,0.9847248998964152,0.9546979865778146,0.9133226324260748,1172.883526761676,26.459999173879623,55.01999828219414,5.627999824285507,False,False,1,1145.1272845155618,26.48561131909014,55.140003534236484,5.320708673749117
a00115_f1,0.41999998688697815,1188.053955078125,26.459999084472656,55.439998626708984,5.544000148773193,0.9928336816960822,0.9857693447971276,0.9553990610333397,0.9146067415747782,1175.0003266294968,26.459999173879623,55.01999828219414,6.887999784946441,False,False,1,1133.5988614629314,26.639290207425347,54.3351338528297,5.246205972970145
a00115_f2,0.41999998688697815,1188.053955078125,26.459999084472656,55.02000045776367,5.208000183105469,0.9962891494730868,0.9926057379474622,0.9689371778803603,0.9397460145922792,1188.7595257703315,26.459999173879623,55.01999828219414,5.627999824285507,False,False,1,1130.472977513782,26.97696510398427,53.08420301019987,5.170064185000474
a00116_f0,0.41999998688697815,1342.2275390625,30.65999984741211,56.279998779296875,3.947999954223633,0.9906529665230981,0.9814790489953832,0.9552148170645937,0.9142691078199864,1318.7663176523222,30.239999055862427,55.439998269081116,4.61999985575676,False,False,1,1235.48787549613,29.079881068551515,53.65890737582447,4.327730802168503
a00116_f1,0.41999998688697815,1342.7568359375,30.239999771118164,55.86000061035156,4.619999885559082,0.9921926690486159,0.9845063025212119,0.964907192575915,0.9321938918483554,1323.3527173659338,30.239999055862427,55.859998255968094,5.039999842643738,False,False,1,1238.2610398495326,29.050983711069463,53.76658355819666,4.841545710255402
a00116_f2,0.41999998688697815,1342.9332275390625,30.65999984741211,55.86000061035156,3.947999954223633,0.9925682341335575,0.9852461156810909,0.9632362294878103,0.9290797546029673,1339.2287163745893,30.659999042749405,56.69999822974205,4.367999863624573,False,False,1,1270.305794890788,29.36309102796045,55.160860122973645,4.611315295729387
a00117_f0,0.41999998688697815,1673.6832275390625,32.7599983215332,68.45999908447266,3.947999954223633,0.9933795879455888,0.9868462590762197,0.9824621147627709,0.9655287817949957,1656.9250965366857,32.759998977184296,67.61999788880348,3.947999876737595,False,False,1,1564.7354059499412,31.822847467369087,63.681162518214705,4.179813993143263
a00117_f1,0.41999998688697815,1675.4471435546875,32.34000015258789,68.87999725341797,4.199999809265137,0.9929085520745506,0.9859169732003582,0.9742489270390213,0.94979079498058,1657.8070964816109,32.759998977184296,69.2999978363514,4.1999998688697815,False,False,1,1553.5159957906017,31.568045040983833,63.70046890478261,4.115302205697695
a00118_f0,0.41999998688697815,2062.821533203125,38.63999938964844,69.30000305175781,5.039999961853027,0.9940279269602834,0.9881267617665659,0.9663299663303712,0.9348534201969555,2042.888272436001,38.21999880671501,69.2999978363514,5.459999829530716,False,False,1,1959.2838709924108,37.3432713920883,67.40911665473004,5.433492581729446
a00118_f1,0.41999998688697815,2062.46875,38.63999938964844,69.72000122070312,4.703999996185303,0.9952765372724353,0.9905974869647782,0.9748382458665846,0.9509116409548641,2045.534272270777,38.63999879360199,69.2999978363514,5.123999840021133,False,False,1,1996.9193672791516,37.00667156665031,68.92376261275763,5.05485274249218
a00119_f0,0.41999998688697815,1019.2391967773438,23.100000381469727,53.7599983215332,3.947999954223633,0.9901884171225998,0.9805674978507211,0.9527526705022031,0.9097685366845912,1012.3595367852698,23.099999278783798,52.91999834775925,4.367999863624573,False,False,1,903.4903409400285,23.20596787394669,50.19821793715528,3.2183743726527325
